"DeviceID","DeviceName","DriverVersion","InfName"
"SWD\PRINTENUM\{C4E36D78-093A-457F-860A-4966878C2717}","Local Print Queue","10.0.26100.1","printqueue.inf"
"SWD\PRINTENUM\{09E9B742-F2F2-4F9F-9447-0F9CD1DD8B25}","Local Print Queue","10.0.26100.1","printqueue.inf"
"SWD\PRINTENUM\{CC960657-8B48-40A4-A64F-B28772E0DB4B}","Local Print Queue","10.0.26100.1","printqueue.inf"
"SWD\PRINTENUM\{D33D00B2-CE5B-4E5A-B386-6D4F42FDACCE}","Local Print Queue","10.0.26100.1","printqueue.inf"
"SWD\PRINTENUM\{D38AEC14-EA24-4FAE-89E1-29B2F325473B}","Local Print Queue","10.0.26100.1","printqueue.inf"
"SWD\PRINTENUM\{27851D95-E43E-4BA7-9053-4443C999EC7A}","Local Print Queue","10.0.26100.1","printqueue.inf"
"SWD\PRINTENUM\PRINTQUEUES","Local Print Queue","10.0.26100.1","printqueue.inf"
"SWD\MSDAS\{CE958E9A-424F-4C88-86F4-11314821E75A}","Generic software device","10.0.26100.1","c_swdevice.inf"
"SWD\MMDEVAPI\MICROSOFTGSWAVETABLESYNTH","Generic software device","10.0.26100.1","c_swdevice.inf"
"SWD\MSRRAS\MS_NDISWANBH","WAN Miniport (Network Monitor)","10.0.26100.1","netrasa.inf"
"SWD\MSRRAS\MS_NDISWANIPV6","WAN Miniport (IPv6)","10.0.26100.1","netrasa.inf"
"SWD\MSRRAS\MS_NDISWANIP","WAN Miniport (IP)","10.0.26100.1","netrasa.inf"
"SWD\MSRRAS\MS_PPPOEMINIPORT","WAN Miniport (PPPOE)","10.0.26100.1","netrasa.inf"
"SWD\MSRRAS\MS_PPTPMINIPORT","WAN Miniport (PPTP)","10.0.26100.1","netrasa.inf"
"SWD\MSRRAS\MS_L2TPMINIPORT","WAN Miniport (L2TP)","10.0.26100.1","netrasa.inf"
"SWD\MSRRAS\MS_AGILEVPNMINIPORT","WAN Miniport (IKEv2)","10.0.26100.1","netavpna.inf"
"SWD\MSRRAS\MS_SSTPMINIPORT","WAN Miniport (SSTP)","10.0.26100.1","netsstpa.inf"
"SWD\MSRRAS\{5E259276-BC7E-40E3-B93B-8F89B5F3ABC0}","Generic software device","10.0.26100.1","c_swdevice.inf"
"SWD\RADIO\{3DB5895D-CC28-44B3-AD3D-6F01A782B8D2}","Generic software device","10.0.26100.1","c_swdevice.inf"
"SWD\DRIVERENUM\{96BEDF2C-18CB-4A15-B821-5E95ED0FEA61}#VOCAEFFECTPACK&1&38CF50D&0","Voice Clarity","1.0.4.7057","oem33.inf"
"SWD\COMPUTER\MFG_ASUS&FAM_TO_BE_FILLED_BY_O.E.M.&PROD_SYSTEM_PRODUCT_NAME&SKU_SKU","Computer Device","10.0.26100.1","compdev.inf"
"ROOT\RDPBUS\0000","Remote Desktop Device Redirector Bus","10.0.26100.8972","rdpbus.inf"
"SW\{96E080C7-143C-11D1-B40F-00A0C9223196}\{3C0D501A-140B-11D1-B40F-00A0C9223196}","Microsoft Streaming Service Proxy","10.0.26100.1","ksfilter.inf"
"ROOT\SYSTEM\0000","Plug and Play Software Device Enumerator","10.0.26100.4202","swenum.inf"
"ROOT\MSSMBIOS\0000","Microsoft System Management BIOS Driver","10.0.26100.1","mssmbios.inf"
"ROOT\NDISVIRTUALBUS\0000","NDIS Virtual Network Adapter Enumerator","10.0.26100.1","ndisvirtualbus.inf"
"ROOT\BASICRENDER\0000","Microsoft Basic Render Driver","10.0.26100.8972","basicrender.inf"
"UEFI\RES_{86A885EE-D71E-2ED6-0FC1-9D6CCC9677EB}\0","Device Firmware","10.0.26100.4768","c_firmware.inf"
"UEFI\RES_{7AA69739-8F78-41CB-BF44-854E2CB516BD}\0","Device Firmware","10.0.26100.4768","c_firmware.inf"
"UEFI\RES_{2FE2CBFC-B9AA-4A93-AB5B-40173B581C42}\0","Device Firmware","10.0.26100.4768","c_firmware.inf"
"UEFI\RES_{15A46E1A-C3B2-5465-AF32-82D6C9F7E033}\0","System Firmware","10.1.2.1620","oem24.inf"
"UEFI\RES_{00000000-0000-0000-0000-000000000000}\0","Device Firmware","10.0.26100.4768","c_firmware.inf"
"ACPI_HAL\UEFI\0","Microsoft UEFI-Compliant System","10.0.26100.8972","uefi.inf"
"ACPI\FIXEDBUTTON\2&DABA3FF&0","ACPI Fixed Feature Button","10.0.26100.1150","machine.inf"
"ACPI\INT340E\2&DABA3FF&0","Motherboard resources","10.0.26100.1150","machine.inf"
"ACPI\THERMALZONE\TZ00","ACPI Thermal Zone","10.0.26100.1150","machine.inf"
"ACPI\PNP0C0B\4","ACPI Fan","10.0.26100.1150","machine.inf"
"ACPI\PNP0C0B\3","ACPI Fan","10.0.26100.1150","machine.inf"
"ACPI\PNP0C0B\2","ACPI Fan","10.0.26100.1150","machine.inf"
"ACPI\PNP0C0B\1","ACPI Fan","10.0.26100.1150","machine.inf"
"ACPI\PNP0C0B\0","ACPI Fan","10.0.26100.1150","machine.inf"
"ACPI\PNP0C14\ASUSMBSWINTERFACE","Microsoft Windows Management Interface for ACPI","10.0.26100.1150","wmiacpi.inf"
"ACPI\PNP0C14\ASUSLEDCONTROLWMI","Microsoft Windows Management Interface for ACPI","10.0.26100.1150","wmiacpi.inf"
"ACPI\MSFT0101\1","Trusted Platform Module 2.0","10.0.26100.8972","tpm.inf"
"ACPI\PNP0C0C\2&DABA3FF&0","ACPI Power Button","10.0.26100.1150","machine.inf"
"ACPI\INT33A1\1","Intel(R) Power Engine Plug-in","10.0.26100.9278","intelpep.inf"
"ACPI\PNP0C14\TESTDEV","Microsoft Windows Management Interface for ACPI","10.0.26100.1150","wmiacpi.inf"
"ACPI\PNP0C14\DSARDEV","Microsoft Windows Management Interface for ACPI","10.0.26100.1150","wmiacpi.inf"
"ACPI\ACPI000C\2&DABA3FF&0","ACPI Processor Aggregator","10.0.26100.1150","acpipagr.inf"
"ACPI\GENUINEINTEL_-_INTEL64_FAMILY_6_MODEL_151_-_12TH_GEN_INTEL(R)_CORE(TM)_I5-12400F\B","Intel Processor","10.0.26100.9278","cpu.inf"
"ACPI\GENUINEINTEL_-_INTEL64_FAMILY_6_MODEL_151_-_12TH_GEN_INTEL(R)_CORE(TM)_I5-12400F\A","Intel Processor","10.0.26100.9278","cpu.inf"
"ACPI\GENUINEINTEL_-_INTEL64_FAMILY_6_MODEL_151_-_12TH_GEN_INTEL(R)_CORE(TM)_I5-12400F\9","Intel Processor","10.0.26100.9278","cpu.inf"
"ACPI\GENUINEINTEL_-_INTEL64_FAMILY_6_MODEL_151_-_12TH_GEN_INTEL(R)_CORE(TM)_I5-12400F\8","Intel Processor","10.0.26100.9278","cpu.inf"
"ACPI\GENUINEINTEL_-_INTEL64_FAMILY_6_MODEL_151_-_12TH_GEN_INTEL(R)_CORE(TM)_I5-12400F\7","Intel Processor","10.0.26100.9278","cpu.inf"
"ACPI\GENUINEINTEL_-_INTEL64_FAMILY_6_MODEL_151_-_12TH_GEN_INTEL(R)_CORE(TM)_I5-12400F\6","Intel Processor","10.0.26100.9278","cpu.inf"
"ACPI\GENUINEINTEL_-_INTEL64_FAMILY_6_MODEL_151_-_12TH_GEN_INTEL(R)_CORE(TM)_I5-12400F\5","Intel Processor","10.0.26100.9278","cpu.inf"
"ACPI\GENUINEINTEL_-_INTEL64_FAMILY_6_MODEL_151_-_12TH_GEN_INTEL(R)_CORE(TM)_I5-12400F\4","Intel Processor","10.0.26100.9278","cpu.inf"
"ACPI\GENUINEINTEL_-_INTEL64_FAMILY_6_MODEL_151_-_12TH_GEN_INTEL(R)_CORE(TM)_I5-12400F\3","Intel Processor","10.0.26100.9278","cpu.inf"
"ACPI\GENUINEINTEL_-_INTEL64_FAMILY_6_MODEL_151_-_12TH_GEN_INTEL(R)_CORE(TM)_I5-12400F\2","Intel Processor","10.0.26100.9278","cpu.inf"
"ACPI\GENUINEINTEL_-_INTEL64_FAMILY_6_MODEL_151_-_12TH_GEN_INTEL(R)_CORE(TM)_I5-12400F\1","Intel Processor","10.0.26100.9278","cpu.inf"
"ACPI\GENUINEINTEL_-_INTEL64_FAMILY_6_MODEL_151_-_12TH_GEN_INTEL(R)_CORE(TM)_I5-12400F\0","Intel Processor","10.0.26100.9278","cpu.inf"
"ACPI\PNP0C0E\2&DABA3FF&0","ACPI Sleep Button","10.0.26100.1150","machine.inf"
"ACPI\PNP0C02\ISCLK","Motherboard resources","10.0.26100.1150","machine.inf"
"ACPI\INTC1056\2&DABA3FF&0","Intel(R) Serial IO GPIO Host Controller - INTC1056","30.100.2531.31","oem40.inf"
"ACPI\PNP0C02\5","Motherboard resources","10.0.26100.1150","machine.inf"
"ACPI\PNP0C02\IOTRAPS","Motherboard resources","10.0.26100.1150","machine.inf"
"ACPI\ACPI000E\2&DABA3FF&0","ACPI Wake Alarm","10.0.26100.1150","acpitime.inf"
"ACPI\PNP0C02\1","Motherboard resources","10.0.26100.1150","machine.inf"
"PCI\VEN_8086&DEV_7AA4&SUBSYS_86941043&REV_11\3&11583659&0&FD","Intel(R) SPI (flash) Controller - 7AA4","10.1.37.5","oem37.inf"
"PCI\VEN_8086&DEV_7AA3&SUBSYS_86941043&REV_11\3&11583659&0&FC","Intel(R) SMBus - 7AA3","10.1.37.5","oem37.inf"
"SWD\MMDEVAPI\{0.0.0.00000000}.{F5F32E10-0600-41B1-AE7E-F96F9E04A418}","Audio Endpoint","10.0.26100.1","audioendpoint.inf"
"HDAUDIO\FUNC_01&VEN_10EC&DEV_0897&SUBSYS_104387FB&REV_1004\4&184F18C2&0&0001","High Definition Audio Device","10.0.26100.9278","hdaudio.inf"
"PCI\VEN_8086&DEV_7AD0&SUBSYS_87FB1043&REV_11\3&11583659&0&FB","High Definition Audio Controller","10.0.26100.9444","hdaudbus.inf"
"ACPI\INTC1099\4&18A73EE8&0","Motherboard resources","10.0.26100.1150","machine.inf"
"ACPI\PNP0100\4&18A73EE8&0","System timer","10.0.26100.1150","machine.inf"
"ACPI\PNP0C02\2","Motherboard resources","10.0.26100.1150","machine.inf"
"ACPI\PNP0000\4&18A73EE8&0","Programmable interrupt controller","10.0.26100.1150","machine.inf"
"ACPI\PNP0103\0","High precision event timer","10.0.26100.1150","machine.inf"
"ACPI\PNP0501\0","通信端口","10.0.26100.1150","msports.inf"
"LPTENUM\MICROSOFTRAWPORT\5&301BB3D2&0&LPT1","Printer Port Logical Interface","10.0.26100.1150","machine.inf"
"ACPI\PNP0400\0","打印机端口","10.0.26100.1150","msports.inf"
"ACPI\PNP0C02\0","Motherboard resources","10.0.26100.1150","machine.inf"
"PCI\VEN_8086&DEV_7A87&SUBSYS_86941043&REV_11\3&11583659&0&F8","Intel(R) LPC Controller/eSPI Controller (H610) - 7A87","10.1.37.5","oem37.inf"
"PCI\VEN_10EC&DEV_8168&SUBSYS_86771043&REV_15\01000000684CE00000","Realtek PCIe GbE Family Controller","1168.27.50.919","oem42.inf"
"PCI\VEN_8086&DEV_7ABB&SUBSYS_86941043&REV_11\3&11583659&0&E3","Intel(R) PCI Express Root Port #4 - 7ABB","10.1.37.5","oem37.inf"
"PCI\VEN_8086&DEV_7AB8&SUBSYS_86941043&REV_11\3&11583659&0&E0","Intel(R) PCI Express Root Port #1 - 7AB8","10.1.37.5","oem37.inf"
"SCSI\DISK&VEN_BORY&PROD_R500_256G\4&E91BE7&0&040000","Disk drive","10.0.26100.8972","disk.inf"
"PCI\VEN_8086&DEV_7AE2&SUBSYS_86941043&REV_11\3&11583659&0&B8","Standard SATA AHCI Controller","10.0.26100.8972","mshdc.inf"
"SWD\DRIVERENUM\OEM_WMI_COMPONENT&4&14850405&0","Intel(R) Management Engine WMI Provider","2544.8.3.0","oem45.inf"
"SWD\DRIVERENUM\OEM_DAL_COMPONENT&4&14850405&0","Intel(R) Dynamic Application Loader Host Interface","1.46.2024.221","oem43.inf"
"PCI\VEN_8086&DEV_7AE8&SUBSYS_86941043&REV_11\3&11583659&0&B0","Intel(R) Management Engine Interface #1","2552.8.10.0","oem44.inf"
"PCI\VEN_8086&DEV_7ACC&SUBSYS_86941043&REV_11\3&11583659&0&A8","Intel(R) Serial IO I2C Host Controller - 7ACC","30.100.2531.31","oem41.inf"
"PCI\VEN_8086&DEV_7AA7&SUBSYS_86941043&REV_11\3&11583659&0&A2","Intel(R) Shared SRAM - 7AA7","10.1.37.5","oem37.inf"
"HID\VID_1A2C&PID_6004&MI_01&COL02\7&23655DAA&0&0001","HID-compliant system controller","10.0.26100.9444","input.inf"
"HID\VID_1A2C&PID_6004&MI_01&COL01\7&23655DAA&0&0000","HID-compliant consumer control device","10.0.26100.1","hidserv.inf"
"USB\VID_1A2C&PID_6004&MI_01\6&14D9A150&0&0001","USB Input Device","10.0.26100.9444","input.inf"
"HID\VID_1A2C&PID_6004&MI_00\7&3B28E9EF&0&0000","HID Keyboard Device","10.0.26100.8972","keyboard.inf"
"USB\VID_1A2C&PID_6004&MI_00\6&14D9A150&0&0000","USB Input Device","10.0.26100.9444","input.inf"
"USB\VID_1A2C&PID_6004\5&2CF64626&0&3","USB Composite Device","10.0.26100.9444","usb.inf"
"HID\VID_10C4&PID_0005\6&223F02E0&0&0000","HID-compliant mouse","10.0.26100.1150","msmouse.inf"
"USB\VID_10C4&PID_0005\5&2CF64626&0&4","USB Input Device","10.0.26100.9444","input.inf"
"USB\ROOT_HUB30\4&6970116&0&0","USB Root Hub (USB 3.0)","10.0.26100.9444","usbhub3.inf"
"PCI\VEN_8086&DEV_7AE0&SUBSYS_86941043&REV_11\3&11583659&0&A0","USB xHCI Compliant Host Controller","10.0.26100.9444","usbxhci.inf"
"PCI\VEN_8086&DEV_467F&SUBSYS_86941043&REV_00\3&11583659&0&70","Intel RST VMD Controller 467F","20.2.6.1025","oem10.inf"
"PCI\VEN_8086&DEV_467D&SUBSYS_86941043&REV_01\3&11583659&0&50","Intel(R) Platform Monitoring Technology Driver","10.0.26100.8972","intelpmt.inf"
"HDAUDIO\FUNC_01&VEN_10DE&DEV_0014&SUBSYS_10DE0101&REV_1001\5&24D1C5C&0&0301","NVIDIA High Definition Audio","1.3.38.35","oem5.inf"
"HDAUDIO\FUNC_01&VEN_10DE&DEV_0014&SUBSYS_10DE0101&REV_1001\5&24D1C5C&0&0201","NVIDIA High Definition Audio","1.3.38.35","oem5.inf"
"HDAUDIO\FUNC_01&VEN_10DE&DEV_0014&SUBSYS_10DE0101&REV_1001\5&24D1C5C&0&0101","NVIDIA High Definition Audio","1.3.38.35","oem5.inf"
"HDAUDIO\FUNC_01&VEN_10DE&DEV_0014&SUBSYS_10DE0101&REV_1001\5&24D1C5C&0&0001","NVIDIA High Definition Audio","1.3.38.35","oem5.inf"
"PCI\VEN_10DE&DEV_0BEA&SUBSYS_000010DE&REV_A1\4&2E6F6D9A&0&0108","High Definition Audio Controller","10.0.26100.9444","hdaudbus.inf"
"DISPLAY\XYM2704\5&1BAB6DC6&0&UID4353","Generic PnP Monitor","10.0.26100.9278","monitor.inf"
"PCI\VEN_10DE&DEV_0F02&SUBSYS_000010DE&REV_A1\4&2E6F6D9A&0&0008","NVIDIA GeForce GT 730","23.21.13.9135","oem23.inf"
"PCI\VEN_8086&DEV_460D&SUBSYS_86941043&REV_05\3&11583659&0&08","Intel(R) PEG10 - 460D","10.1.45.10","oem36.inf"
"PCI\VEN_8086&DEV_4650&SUBSYS_86941043&REV_05\3&11583659&0&00","Intel(R) Host Bridge/DRAM Registers - 4650","10.1.45.10","oem36.inf"
"ACPI\PNP0A08\0","PCI Express Root Complex","10.0.26100.9278","pci.inf"
"ACPI\PNP0C14\AWW","Microsoft Windows Management Interface for ACPI","10.0.26100.1150","wmiacpi.inf"
"ACPI_HAL\PNP0C08\0","Microsoft ACPI-Compliant System","10.0.26100.9278","acpi.inf"
"ROOT\ACPI_HAL\0000","ACPI x64-based PC","10.0.26100.1","hal.inf"
"ROOT\UMBUS\0000","UMBus Root Bus Enumerator","10.0.26100.1150","umbus.inf"
"ROOT\KDNIC\0000","Microsoft Kernel Debug Network Adapter","10.0.26100.8521","kdnic.inf"
"ROOT\SPACEPORT\0000","Microsoft Storage Spaces Controller","10.0.26100.9444","spaceport.inf"
"ROOT\VDRVROOT\0000","Microsoft Virtual Drive Enumerator","10.0.26100.1591","vdrvroot.inf"
"ROOT\COMPOSITEBUS\0000","Composite Bus Enumerator","10.0.26100.1150","compositebus.inf"
"ROOT\VID\0000","Microsoft Hyper-V Virtualization Infrastructure Driver","10.0.26100.9278","wvid.inf"
"ROOT\BASICDISPLAY\0000","Microsoft Basic Display Driver","10.0.26100.8521","basicdisplay.inf"
"STORAGE\VOLUME\{8B6FD21E-B367-11F1-9043-806E6F6E6963}#0000003B61700000","Volume","10.0.26100.5074","volume.inf"
"STORAGE\VOLUMESNAPSHOT\HARDDISKVOLUMESNAPSHOT2","Generic volume shadow copy","10.0.26100.1","volsnap.inf"
"STORAGE\VOLUME\{8B6FD21E-B367-11F1-9043-806E6F6E6963}#0000000013E00000","Volume","10.0.26100.5074","volume.inf"
"STORAGE\VOLUME\{8B6FD21E-B367-11F1-9043-806E6F6E6963}#0000000012E00000","Volume","10.0.26100.5074","volume.inf"
"STORAGE\VOLUME\{8B6FD21E-B367-11F1-9043-806E6F6E6963}#0000000000200000","Volume","10.0.26100.5074","volume.inf"
"ROOT\VOLMGR\0000","Volume Manager","10.0.26100.9278","volmgr.inf"
"HTREE\ROOT\0",,,
"OneNote for Windows 10",,"2:10.0,2:6.3,2:6.2,2:6.1,2:6.0,2:5.2,2:5.1",
"OneNote (Desktop)",,"2:10.0,2:6.3,2:6.2,2:6.1,2:6.0,2:5.2,2:5.1",
"Microsoft XPS Document Writer",,"2:10.0,2:6.3,2:6.2,2:6.1,2:6.0,2:5.2,2:5.1",
"Microsoft Print to PDF",,"2:10.0,2:6.3,2:6.2,2:6.1,2:6.0,2:5.2,2:5.1",
"LdVPrint Driver",,"2:10.0,2:6.3,2:6.2,2:6.1,2:6.0,2:5.2,2:5.1",
"Fax",,"2:10.0,2:6.3,2:6.2,2:6.1,2:6.0,2:5.2,2:5.1",
