序号,游戏,官方出处,处理结果,安装包已下载
1,太阁立志传Ⅴ DX,https://www.gamecity.com.tw/taikou5dx/windows_spec.html,授权与下载渠道待核，未取得免费独立本体包,False
2,The Guild II Renaissance,https://store.steampowered.com/app/39680/,官方渠道付费本体；按用户仅免费要求未下载；试玩版另核,False
3,The Guild 3,https://store.steampowered.com/app/311260/,官方渠道付费本体；按用户仅免费要求未下载；试玩版另核,False
4,SAELIG,https://store.steampowered.com/app/612720/,官方渠道付费本体；按用户仅免费要求未下载；试玩版另核,False
5,太吾绘卷,https://store.steampowered.com/app/838350/,官方渠道付费本体；按用户仅免费要求未下载；试玩版另核,False
6,大侠立志传,https://store.steampowered.com/app/1948980/,官方渠道付费本体；按用户仅免费要求未下载；试玩版另核,False
7,绝世好武功,https://store.steampowered.com/app/1696440/,官方渠道付费本体；按用户仅免费要求未下载；试玩版另核,False
8,模拟人生4；Get to Work／Get Famous,https://store.steampowered.com/app/1222670/,官方标记免费本体；需游戏平台账号及客户端下载，未下载本体,False
9,骑马与砍杀Ⅱ：霸主,https://store.steampowered.com/app/261550/,官方渠道付费本体；按用户仅免费要求未下载；试玩版另核,False
10,Kenshi,https://store.steampowered.com/app/233860/,官方渠道付费本体；按用户仅免费要求未下载；试玩版另核,False
11,Elin,https://store.steampowered.com/app/2135150/,官方渠道付费本体；按用户仅免费要求未下载；试玩版另核,False
12,Medieval Dynasty,https://store.steampowered.com/app/1129580/,官方渠道付费本体；按用户仅免费要求未下载；试玩版另核,False
13,Big Ambitions,https://store.steampowered.com/app/1331550/,官方渠道付费本体；按用户仅免费要求未下载；试玩版另核,False
14,风帆纪元,https://store.steampowered.com/app/2161440/,官方渠道付费本体；按用户仅免费要求未下载；试玩版另核,False
15,大航海时代Ⅳ with 威力加强版 HD Version,https://www.gamecity.ne.jp/d4/hd/windows_spec.html,授权与下载渠道待核，未取得免费独立本体包,False
16,大航海时代：起源,https://store.steampowered.com/app/1574360/,官方标记免费本体；需游戏平台账号及客户端下载，未下载本体,False
17,Star Traders: Frontiers,https://store.steampowered.com/app/335620/,官方渠道付费本体；按用户仅免费要求未下载；试玩版另核,False
18,Citizen of Rome — Dynasty Ascendant,https://store.steampowered.com/app/1063790/,官方渠道付费本体；按用户仅免费要求未下载；试玩版另核,False
19,三国志8 REMAKE／with Power Up Kit,https://store.steampowered.com/app/2288150/,官方渠道付费本体；按用户仅免费要求未下载；试玩版另核,False
20,Crusader Kings III／Roads to Power,https://store.steampowered.com/app/1158310/,官方渠道付费本体；按用户仅免费要求未下载；试玩版另核,False
21,Port Royale 3,https://store.steampowered.com/app/205610/,官方渠道付费本体；按用户仅免费要求未下载；试玩版另核,False
22,Port Royale 4,https://store.steampowered.com/app/1024650/,官方渠道付费本体；按用户仅免费要求未下载；试玩版另核,False
23,Patrician IV,https://store.steampowered.com/app/57620/,官方渠道付费本体；按用户仅免费要求未下载；试玩版另核,False
24,Capitalism Lab,https://www.capitalismlab.com/buy-game/system-requirements/,官方安装包已保存；未执行；Capitalism_Lab_Installer.exe,True
25,大周列国志,https://www.taptap.cn/app/190784,公开官网可读取但未找到独立包；HTTPS入口握手失败，未取得APK,False
26,信长之野望·新生／Awakening,https://store.steampowered.com/app/1336980/,官方渠道付费本体；按用户仅免费要求未下载；试玩版另核,False
27,Total War: THREE KINGDOMS,https://store.steampowered.com/app/779340/,官方渠道付费本体；按用户仅免费要求未下载；试玩版另核,False
28,Europa Universalis V,https://store.steampowered.com/app/3450310/,官方渠道付费本体；按用户仅免费要求未下载；试玩版另核,False
29,Stellaris,https://store.steampowered.com/app/281990/,官方渠道付费本体；按用户仅免费要求未下载；试玩版另核,False
30,Civilization VII,https://store.steampowered.com/app/1295660/,官方渠道付费本体；按用户仅免费要求未下载；试玩版另核,False
31,Age of Empires IV,https://store.steampowered.com/app/1466860/,官方渠道付费本体；按用户仅免费要求未下载；试玩版另核,False
32,大秦帝国之帝国烽烟,https://www.taptap.cn/app/166665,官网已找到包链接，但HTTPS下载连接被远端中断，未取得APK,False
33,无悔华夏,https://www.taptap.cn/app/176581,官方安装包已保存；未执行；WuhuiHuaxia_Android_official.apk,True
34,猫话列国,https://www.taptap.cn/app/234249,预约产品，未取得已发布安装包,False
35,三国志·战略版,https://sgz.ejoy.com/news/detail-4107.html,官方安装包已保存；未执行；Sanguozhi_Zhanlue_official.apk,True
36,大江湖之苍龙与白鸟（仅消歧提及）,https://store.steampowered.com/app/1407450/,付费游戏平台渠道，未取得免费独立本体包,False
37,春秋战国（名称不唯一）,,无法唯一定位产品，未下载,False
