"TaskName","TaskPath","State"
"Adobe Acrobat Update Task","\","Ready"
"OneDrive Per-Machine Standalone Update Task","\","Ready"
"OneDrive Reporting Task-S-1-5-21-323984447-536449353-4267113659-1001","\","Ready"
"OneDrive Startup Task-S-1-5-21-323984447-536449353-4267113659-1001","\","Ready"
"Snipaste (Run As Admin) @9128","\","Running"
"AcPowerNotification","\ASUS\","Running"
"ArmourySocketServer","\ASUS\","Ready"
"P508PowerAgent_sdk","\ASUS\","Ready"
"Office Actions Server","\Microsoft\Office\","Ready"
"Office Automatic Updates 2.0","\Microsoft\Office\","Ready"
"Office Background Push Maintenance","\Microsoft\Office\","Ready"
"Office ClickToRun Service Monitor","\Microsoft\Office\","Ready"
"Office Feature Updates","\Microsoft\Office\","Ready"
"Office Feature Updates Logon","\Microsoft\Office\","Ready"
".NET Framework NGEN v4.0.30319","\Microsoft\Windows\.NET Framework\","Ready"
".NET Framework NGEN v4.0.30319 64","\Microsoft\Windows\.NET Framework\","Ready"
".NET Framework NGEN v4.0.30319 64 Critical","\Microsoft\Windows\.NET Framework\","Disabled"
".NET Framework NGEN v4.0.30319 Critical","\Microsoft\Windows\.NET Framework\","Disabled"
"RecoverabilityToastTask","\Microsoft\Windows\AccountHealth\","Ready"
"AD RMS Rights Policy Template Management (Automated)","\Microsoft\Windows\Active Directory Rights Management Services Client\","Disabled"
"AD RMS Rights Policy Template Management (Manual)","\Microsoft\Windows\Active Directory Rights Management Services Client\","Ready"
"PolicyConverter","\Microsoft\Windows\AppID\","Disabled"
"VerifiedPublisherCertStoreCheck","\Microsoft\Windows\AppID\","Disabled"
"MareBackup","\Microsoft\Windows\Application Experience\","Ready"
"Microsoft Compatibility Appraiser Exp","\Microsoft\Windows\Application Experience\","Ready"
"PcaPatchDbTask","\Microsoft\Windows\Application Experience\","Ready"
"SdbinstMergeDbTask","\Microsoft\Windows\Application Experience\","Ready"
"StartupAppTask","\Microsoft\Windows\Application Experience\","Ready"
"appuriverifierdaily","\Microsoft\Windows\ApplicationData\","Ready"
"appuriverifierinstall","\Microsoft\Windows\ApplicationData\","Ready"
"CleanupTemporaryState","\Microsoft\Windows\ApplicationData\","Ready"
"DsSvcCleanup","\Microsoft\Windows\ApplicationData\","Ready"
"Backup","\Microsoft\Windows\AppListBackup\","Ready"
"BackupNonMaintenance","\Microsoft\Windows\AppListBackup\","Ready"
"Pre-staged app cleanup","\Microsoft\Windows\AppxDeploymentClient\","Ready"
"Proxy","\Microsoft\Windows\Autochk\","Ready"
"BitLocker Encrypt All Drives","\Microsoft\Windows\BitLocker\","Ready"
"BitLocker MDM policy Refresh","\Microsoft\Windows\BitLocker\","Ready"
"UninstallDeviceTask","\Microsoft\Windows\Bluetooth\","Ready"
"BgTaskRegistrationMaintenanceTask","\Microsoft\Windows\BrokerInfrastructure\","Ready"
"maintenancetasks","\Microsoft\Windows\capabilityaccessmanager\","Ready"
"UserTask","\Microsoft\Windows\CertificateServicesClient\","Ready"
"UserTask-Roam","\Microsoft\Windows\CertificateServicesClient\","Ready"
"ProactiveScan","\Microsoft\Windows\Chkdsk\","Ready"
"SyspartRepair","\Microsoft\Windows\Chkdsk\","Ready"
"CreateObjectTask","\Microsoft\Windows\CloudExperienceHost\","Ready"
"Backup","\Microsoft\Windows\CloudRestore\","Ready"
"Restore","\Microsoft\Windows\CloudRestore\","Ready"
"UnifiedConsentSyncTask","\Microsoft\Windows\ConsentUX\UnifiedConsent\","Ready"
"CmCleanup","\Microsoft\Windows\Containers\","Ready"
"Consolidator","\Microsoft\Windows\Customer Experience Improvement Program\","Ready"
"UsbCeip","\Microsoft\Windows\Customer Experience Improvement Program\","Ready"
"Data Integrity Check And Scan","\Microsoft\Windows\Data Integrity Scan\","Ready"
"Data Integrity Scan","\Microsoft\Windows\Data Integrity Scan\","Ready"
"Data Integrity Scan for Crash Recovery","\Microsoft\Windows\Data Integrity Scan\","Ready"
"ScheduledDefrag","\Microsoft\Windows\Defrag\","Ready"
"Device","\Microsoft\Windows\Device Information\","Ready"
"Device User","\Microsoft\Windows\Device Information\","Ready"
"Driver Recovery on Reboot","\Microsoft\Windows\Device Setup\","Disabled"
"RecommendedTroubleshootingScanner","\Microsoft\Windows\Diagnosis\","Ready"
"Scheduled","\Microsoft\Windows\Diagnosis\","Ready"
"UnexpectedCodepath","\Microsoft\Windows\Diagnosis\","Ready"
"DirectXDatabaseUpdater","\Microsoft\Windows\DirectX\","Ready"
"DXGIAdapterCache","\Microsoft\Windows\DirectX\","Ready"
"SilentCleanup","\Microsoft\Windows\DiskCleanup\","Ready"
"Microsoft-Windows-DiskDiagnosticDataCollector","\Microsoft\Windows\DiskDiagnostic\","Ready"
"Microsoft-Windows-DiskDiagnosticResolver","\Microsoft\Windows\DiskDiagnostic\","Disabled"
"Diagnostics","\Microsoft\Windows\DiskFootprint\","Ready"
"StorageSense","\Microsoft\Windows\DiskFootprint\","Ready"
"dusmtask","\Microsoft\Windows\DUSM\","Ready"
"EDP App Launch Task","\Microsoft\Windows\EDP\","Ready"
"EDP Auth Task","\Microsoft\Windows\EDP\","Ready"
"EDP Inaccessible Credentials Task","\Microsoft\Windows\EDP\","Ready"
"StorageCardEncryption Task","\Microsoft\Windows\EDP\","Ready"
"ExploitGuard MDM policy Refresh","\Microsoft\Windows\ExploitGuard\","Ready"
"DmClient","\Microsoft\Windows\Feedback\Siuf\","Ready"
"DmClientOnScenarioDownload","\Microsoft\Windows\Feedback\Siuf\","Ready"
"Property Definition Sync","\Microsoft\Windows\File Classification Infrastructure\","Disabled"
"File History (maintenance mode)","\Microsoft\Windows\FileHistory\","Ready"
"BootstrapUsageDataReporting","\Microsoft\Windows\Flighting\FeatureConfig\","Ready"
"GovernedFeatureUsageProcessing","\Microsoft\Windows\Flighting\FeatureConfig\","Ready"
"ReconcileConfigs","\Microsoft\Windows\Flighting\FeatureConfig\","Ready"
"ReconcileFeatures","\Microsoft\Windows\Flighting\FeatureConfig\","Ready"
"SafeguardsReconciliation","\Microsoft\Windows\Flighting\FeatureConfig\","Ready"
"UsageDataFlushing","\Microsoft\Windows\Flighting\FeatureConfig\","Ready"
"UsageDataReceiver","\Microsoft\Windows\Flighting\FeatureConfig\","Ready"
"UsageDataReporting","\Microsoft\Windows\Flighting\FeatureConfig\","Ready"
"RefreshCache","\Microsoft\Windows\Flighting\OneSettings\","Ready"
"Monitoring","\Microsoft\Windows\Hotpatch\","Ready"
"InputSettingsRestoreDataAvailable","\Microsoft\Windows\input\","Ready"
"LocalUserSyncDataAvailable","\Microsoft\Windows\input\","Ready"
"MouseSyncDataAvailable","\Microsoft\Windows\input\","Ready"
"PenSyncDataAvailable","\Microsoft\Windows\input\","Ready"
"RemoteMouseSyncDataAvailable","\Microsoft\Windows\input\","Ready"
"RemotePenSyncDataAvailable","\Microsoft\Windows\input\","Ready"
"RemoteTouchpadSyncDataAvailable","\Microsoft\Windows\input\","Ready"
"syncpensettings","\Microsoft\Windows\input\","Ready"
"TouchpadSyncDataAvailable","\Microsoft\Windows\input\","Ready"
"RestoreDevice","\Microsoft\Windows\InstallService\","Ready"
"ScanForUpdates","\Microsoft\Windows\InstallService\","Ready"
"ScanForUpdatesAsUser","\Microsoft\Windows\InstallService\","Ready"
"WakeUpAndContinueUpdates","\Microsoft\Windows\InstallService\","Disabled"
"WakeUpAndScanForUpdates","\Microsoft\Windows\InstallService\","Disabled"
"Synchronize Language Settings","\Microsoft\Windows\International\","Ready"
"La57Cleanup","\Microsoft\Windows\Kernel\","Ready"
"Installation","\Microsoft\Windows\LanguageComponentsInstaller\","Ready"
"ReconcileLanguageResources","\Microsoft\Windows\LanguageComponentsInstaller\","Ready"
"Notifications","\Microsoft\Windows\Location\","Ready"
"WindowsActionDialog","\Microsoft\Windows\Location\","Ready"
"WinSAT","\Microsoft\Windows\Maintenance\","Ready"
"DetectHardwareChange","\Microsoft\Windows\Management\Autopilot\","Disabled"
"RemediateHardwareChange","\Microsoft\Windows\Management\Autopilot\","Disabled"
"Cellular","\Microsoft\Windows\Management\Provisioning\","Ready"
"Logon","\Microsoft\Windows\Management\Provisioning\","Ready"
"MdmDiagnosticsCleanup","\Microsoft\Windows\Management\Provisioning\","Disabled"
"Retry","\Microsoft\Windows\Management\Provisioning\","Disabled"
"RunOnReboot","\Microsoft\Windows\Management\Provisioning\","Disabled"
"MapsToastTask","\Microsoft\Windows\Maps\","Ready"
"MapsUpdateTask","\Microsoft\Windows\Maps\","Disabled"
"AutomaticOfflineMemoryDiagnostic","\Microsoft\Windows\MemoryDiagnostic\","Ready"
"ProcessMemoryDiagnosticEvents","\Microsoft\Windows\MemoryDiagnostic\","Ready"
"RunFullMemoryDiagnostic","\Microsoft\Windows\MemoryDiagnostic\","Disabled"
"MNO Metadata Parser","\Microsoft\Windows\Mobile Broadband Accounts\","Ready"
"LPRemove","\Microsoft\Windows\MUI\","Ready"
"SystemSoundsService","\Microsoft\Windows\Multimedia\","Running"
"NcsiIdentifyUserProxies","\Microsoft\Windows\Network Connectivity Status Indicator\","Ready"
"WiFiTask","\Microsoft\Windows\NlaSvc\","Ready"
"Background Synchronization","\Microsoft\Windows\Offline Files\","Disabled"
"Logon Synchronization","\Microsoft\Windows\Offline Files\","Disabled"
"PCR Prediction Framework Firmware Update Task","\Microsoft\Windows\PCRPF\","Ready"
"ShowFeedbackToast","\Microsoft\Windows\PerformanceTrace\","Ready"
"WhesvcToast","\Microsoft\Windows\PerformanceTrace\","Ready"
"Device Install Group Policy","\Microsoft\Windows\Plug and Play\","Ready"
"Device Install Reboot Required","\Microsoft\Windows\Plug and Play\","Ready"
"Sysprep Generalize Drivers","\Microsoft\Windows\Plug and Play\","Ready"
"AnalyzeSystem","\Microsoft\Windows\Power Efficiency Diagnostics\","Ready"
"EduPrintProv","\Microsoft\Windows\Printing\","Ready"
"PrinterCleanupTask","\Microsoft\Windows\Printing\","Ready"
"PrintJobCleanupTask","\Microsoft\Windows\Printing\","Ready"
"VerifyWinRE","\Microsoft\Windows\RecoveryEnvironment\","Ready"
"Initialization","\Microsoft\Windows\ReFsDedupSvc\","Ready"
"RegIdleBackup","\Microsoft\Windows\Registry\","Ready"
"OOBEFodSetup","\Microsoft\Windows\Servicing\","Disabled"
"StartComponentCleanup","\Microsoft\Windows\Servicing\","Ready"
"PITRTask","\Microsoft\Windows\Setup\","Ready"
"SetupCleanupTask","\Microsoft\Windows\Setup\","Ready"
"SetupRecoveryDataTask","\Microsoft\Windows\Setup\","Ready"
"Account Cleanup","\Microsoft\Windows\SharedPC\","Disabled"
"CreateObjectTask","\Microsoft\Windows\Shell\","Ready"
"FamilySafetyMonitor","\Microsoft\Windows\Shell\","Ready"
"FamilySafetyRefreshTask","\Microsoft\Windows\Shell\","Ready"
"IndexerAutomaticMaintenance","\Microsoft\Windows\Shell\","Ready"
"ThemesSyncedImageDownload","\Microsoft\Windows\Shell\","Ready"
"SvcRestartTaskLogon","\Microsoft\Windows\SoftwareProtectionPlatform\","Disabled"
"SpaceAgentTask","\Microsoft\Windows\SpacePort\","Ready"
"SpaceManagerTask","\Microsoft\Windows\SpacePort\","Ready"
"MaintenanceTasks","\Microsoft\Windows\StateRepository\","Ready"
"Storage Tiers Management Initialization","\Microsoft\Windows\Storage Tiers Management\","Ready"
"Storage Tiers Optimization","\Microsoft\Windows\Storage Tiers Management\","Disabled"
"EnableLicenseAcquisition","\Microsoft\Windows\Subscription\","Ready"
"LicenseAcquisition","\Microsoft\Windows\Subscription\","Disabled"
"PowerGridForecastTask","\Microsoft\Windows\Sustainability\","Ready"
"SustainabilityTelemetry","\Microsoft\Windows\Sustainability\","Ready"
"HybridDriveCachePrepopulate","\Microsoft\Windows\Sysmain\","Disabled"
"HybridDriveCacheRebalance","\Microsoft\Windows\Sysmain\","Disabled"
"ResPriStaticDbSync","\Microsoft\Windows\Sysmain\","Ready"
"WsSwapAssessmentTask","\Microsoft\Windows\Sysmain\","Ready"
"SR","\Microsoft\Windows\SystemRestore\","Ready"
"Interactive","\Microsoft\Windows\Task Manager\","Ready"
"MsCtfMonitor","\Microsoft\Windows\TextServicesFramework\","Ready"
"ForceSynchronizeTime","\Microsoft\Windows\Time Synchronization\","Ready"
"SynchronizeTime","\Microsoft\Windows\Time Synchronization\","Ready"
"SynchronizeTimeZone","\Microsoft\Windows\Time Zone\","Ready"
"RunUpdateNotificationMgr","\Microsoft\Windows\UNP\","Disabled"
"UPnPHostConfig","\Microsoft\Windows\UPnP\","Ready"
"Usb-Notifications","\Microsoft\Windows\USB\","Ready"
"WiFiTask","\Microsoft\Windows\WCM\","Ready"
"ResolutionHost","\Microsoft\Windows\WDI\","Ready"
"Windows Defender Cache Maintenance","\Microsoft\Windows\Windows Defender\","Ready"
"Windows Defender Cleanup","\Microsoft\Windows\Windows Defender\","Ready"
"Windows Defender Scheduled Scan","\Microsoft\Windows\Windows Defender\","Ready"
"Windows Defender Verification","\Microsoft\Windows\Windows Defender\","Ready"
"QueueReporting","\Microsoft\Windows\Windows Error Reporting\","Ready"
"BfeOnServiceStartTypeChange","\Microsoft\Windows\Windows Filtering Platform\","Ready"
"UpdateLibrary","\Microsoft\Windows\Windows Media Sharing\","Ready"
"Calibration Loader","\Microsoft\Windows\WindowsColorSystem\","Ready"
"Scheduled Start","\Microsoft\Windows\WindowsUpdate\","Ready"
"PLUGScheduler","\Microsoft\Windows\WindowsUpdate\RUXIM\","Ready"
"CacheTask","\Microsoft\Windows\Wininet\","Running"
"CDSSync","\Microsoft\Windows\WlanSvc\","Ready"
"MoProfileManagement","\Microsoft\Windows\WlanSvc\","Ready"
"Work Folders Logon Synchronization","\Microsoft\Windows\Work Folders\","Ready"
"Work Folders Maintenance Work","\Microsoft\Windows\Work Folders\","Ready"
"Automatic-Device-Join","\Microsoft\Windows\Workplace Join\","Disabled"
"Device-Sync","\Microsoft\Windows\Workplace Join\","Disabled"
"Recovery-Check","\Microsoft\Windows\Workplace Join\","Disabled"
"NotificationTask","\Microsoft\Windows\WwanSvc\","Ready"
"OobeDiscovery","\Microsoft\Windows\WwanSvc\","Ready"
"XblGameSaveTask","\Microsoft\XblGameSave\","Ready"
"Firefox Background Update S-1-5-21-323984447-536449353-4267113659-1001 308046B0AF4A39CB","\Mozilla\","Ready"
"Firefox Default Browser Agent 308046B0AF4A39CB","\Mozilla\","Ready"
"CometUpdaterTaskUser151.0.7922.249{C4FB052C-99E1-4FB3-B752-C5F6E8D712C9}","\PerplexityUser\CometUpdater\","Ready"
"SoftLandingCreativeManagementTask","\SoftLanding\S-1-5-21-323984447-536449353-4267113659-1001\","Ready"
"SoftLandingDeferralTask-{e23b64ff-b3f4-42a1-8449-28ad1a860933}","\SoftLanding\S-1-5-21-323984447-536449353-4267113659-1001\","Ready"
"SoftLandingTriggerTask-128000000001615609-render-{e3af6275-0c90-4ec1-ade2-c7ef03ebedc8}","\SoftLanding\S-1-5-21-323984447-536449353-4267113659-1001\","Disabled"
