"Tool","Found","Path","Version","Status"
"Python","True","C:\Users\PPCCpcpc\AppData\Local\Programs\Python\Python314\python.exe","Python 3.14.7","OK"
"Python","True","C:\Users\PPCCpcpc\AppData\Roaming\uv\python\cpython-3.12-windows-x86_64-none\python.exe","Python 3.12.14","OK"
"Python","True","C:\Users\PPCCpcpc\AppData\Roaming\uv\python\cpython-3.12.14-windows-x86_64-none\python.exe","Python 3.12.14","OK"
"Python","True","C:\Users\PPCCpcpc\AppData\Roaming\uv\python\cpython-3.13-windows-x86_64-none\python.exe","Python 3.13.15","OK"
"Python","True","C:\Users\PPCCpcpc\AppData\Roaming\uv\python\cpython-3.13.15-windows-x86_64-none\python.exe","Python 3.13.15","OK"
"Python","True","C:\work\envs\ds\Scripts\python.exe","Python 3.13.15","OK"
"Python","True","C:\work\projects\lab\.venv\Scripts\python.exe","Python 3.13.15","OK"
"Rscript","True","C:\Program Files\R\R-4.6.1\bin\x64\Rscript.exe","Rscript (R) version 4.6.1 (2026-06-24)","OK"
"Rscript","True","C:\Program Files\R\R-4.6.1\bin\Rscript.exe","Rscript (R) version 4.6.1 (2026-06-24)","OK"
"uv","True","C:\Users\PPCCpcpc\.local\bin\uv.exe","uv 0.12.17 (635500036 2026-09-18 x86_64-pc-windows-msvc)","OK"
"Git","True","C:\Program Files\Git\cmd\git.exe","git version 2.55.0.windows.5","OK"
"Git","True","C:\Users\PPCCpcpc\.cache\codex-runtimes\codex-primary-runtime\dependencies\native\git\cmd\git.exe","git version 2.53.0.windows.3","OK"
"Quarto","True","C:\Program Files\Quarto\bin\quarto.exe","1.10.18","OK"
"Quarto","True","C:\Program Files\Quarto\bin\quarto.cmd","1.10.18 #< CLIXML","OK"
"Pandoc","False",,,"Unavailable"
"PowerShell7","True","C:\Users\PPCCpcpc\.cache\codex-runtimes\codex-primary-runtime\dependencies\native\powershell\pwsh.exe","PowerShell 7.6.5","OK"
"PowerShell7","True","C:\Users\PPCCpcpc\AppData\Local\Microsoft\WindowsApps\pwsh.exe","PowerShell 7.6.6","OK"
"Node","True","C:\Users\PPCCpcpc\.cache\codex-runtimes\codex-primary-runtime\dependencies\node\bin\node.exe","v24.19.0","OK"
"Java","False",,,"Unavailable"
"DuckDB","True","C:\Users\PPCCpcpc\AppData\Local\Microsoft\WinGet\Packages\DuckDB.cli_Microsoft.Winget.Source_8wekyb3d8bbwe\duckdb.exe","v1.5.5 (Variegata) d8cdaa33fd","OK"
"PostgreSQL","False",,,"Unavailable"
"Docker","False",,,"Unavailable"
"Julia","False",,,"Unavailable"
"Winget","True","C:\Users\PPCCpcpc\AppData\Local\Microsoft\WindowsApps\winget.exe","v1.29.380","OK"
"RtoolsCompiler","True","C:\rtools45\x86_64-w64-mingw32.static.posix\bin\gcc.exe","gcc.exe (GCC) 14.3.0","OK"
