"Interpreter","Name","Version","Library"
"C:\Users\PPCCpcpc\AppData\Local\Programs\Python\Python314\python.exe","pip","26.2.1","C:\Users\PPCCpcpc\AppData\Local\Programs\Python\Python314\Lib\site-packages"
"C:\Users\PPCCpcpc\AppData\Roaming\uv\python\cpython-3.12-windows-x86_64-none\python.exe","pip","26.2.1","C:\Users\PPCCpcpc\AppData\Roaming\uv\python\cpython-3.12-windows-x86_64-none\Lib\site-packages"
"C:\Users\PPCCpcpc\AppData\Roaming\uv\python\cpython-3.12.14-windows-x86_64-none\python.exe","pip","26.2.1","C:\Users\PPCCpcpc\AppData\Roaming\uv\python\cpython-3.12.14-windows-x86_64-none\Lib\site-packages"
"C:\Users\PPCCpcpc\AppData\Roaming\uv\python\cpython-3.13-windows-x86_64-none\python.exe","pip","26.2.1","C:\Users\PPCCpcpc\AppData\Roaming\uv\python\cpython-3.13-windows-x86_64-none\Lib\site-packages"
"C:\Users\PPCCpcpc\AppData\Roaming\uv\python\cpython-3.13.15-windows-x86_64-none\python.exe","pip","26.2.1","C:\Users\PPCCpcpc\AppData\Roaming\uv\python\cpython-3.13.15-windows-x86_64-none\Lib\site-packages"
"C:\work\envs\ds\Scripts\python.exe","anyio","4.15.1","C:\work\envs\ds\Lib\site-packages"
"C:\work\envs\ds\Scripts\python.exe","argon2-cffi","25.1.0","C:\work\envs\ds\Lib\site-packages"
"C:\work\envs\ds\Scripts\python.exe","argon2-cffi-bindings","26.1.0","C:\work\envs\ds\Lib\site-packages"
"C:\work\envs\ds\Scripts\python.exe","arrow","1.4.0","C:\work\envs\ds\Lib\site-packages"
"C:\work\envs\ds\Scripts\python.exe","asttokens","3.0.2","C:\work\envs\ds\Lib\site-packages"
"C:\work\envs\ds\Scripts\python.exe","async-lru","2.3.0","C:\work\envs\ds\Lib\site-packages"
"C:\work\envs\ds\Scripts\python.exe","attrs","26.1.0","C:\work\envs\ds\Lib\site-packages"
"C:\work\envs\ds\Scripts\python.exe","autograd","1.9.1","C:\work\envs\ds\Lib\site-packages"
"C:\work\envs\ds\Scripts\python.exe","autograd-gamma","0.5.0","C:\work\envs\ds\Lib\site-packages"
"C:\work\envs\ds\Scripts\python.exe","babel","2.18.0","C:\work\envs\ds\Lib\site-packages"
"C:\work\envs\ds\Scripts\python.exe","backports.zstd","1.7.0","C:\work\envs\ds\Lib\site-packages"
"C:\work\envs\ds\Scripts\python.exe","beautifulsoup4","4.15.0","C:\work\envs\ds\Lib\site-packages"
"C:\work\envs\ds\Scripts\python.exe","bleach","6.4.0","C:\work\envs\ds\Lib\site-packages"
"C:\work\envs\ds\Scripts\python.exe","causal-learn","0.1.4.8","C:\work\envs\ds\Lib\site-packages"
"C:\work\envs\ds\Scripts\python.exe","certifi","2026.7.22","C:\work\envs\ds\Lib\site-packages"
"C:\work\envs\ds\Scripts\python.exe","cffi","2.1.1","C:\work\envs\ds\Lib\site-packages"
"C:\work\envs\ds\Scripts\python.exe","charset-normalizer","3.5.1","C:\work\envs\ds\Lib\site-packages"
"C:\work\envs\ds\Scripts\python.exe","clarabel","0.11.1","C:\work\envs\ds\Lib\site-packages"
"C:\work\envs\ds\Scripts\python.exe","click","8.5.0","C:\work\envs\ds\Lib\site-packages"
"C:\work\envs\ds\Scripts\python.exe","clickhouse-connect","1.8.0","C:\work\envs\ds\Lib\site-packages"
"C:\work\envs\ds\Scripts\python.exe","cloudpickle","3.1.2","C:\work\envs\ds\Lib\site-packages"
"C:\work\envs\ds\Scripts\python.exe","colorama","0.4.6","C:\work\envs\ds\Lib\site-packages"
"C:\work\envs\ds\Scripts\python.exe","comm","0.2.3","C:\work\envs\ds\Lib\site-packages"
"C:\work\envs\ds\Scripts\python.exe","contourpy","1.4.0","C:\work\envs\ds\Lib\site-packages"
"C:\work\envs\ds\Scripts\python.exe","cvxpy","1.9.3","C:\work\envs\ds\Lib\site-packages"
"C:\work\envs\ds\Scripts\python.exe","cycler","0.12.1","C:\work\envs\ds\Lib\site-packages"
"C:\work\envs\ds\Scripts\python.exe","Cython","3.3.0","C:\work\envs\ds\Lib\site-packages"
"C:\work\envs\ds\Scripts\python.exe","debugpy","1.8.22","C:\work\envs\ds\Lib\site-packages"
"C:\work\envs\ds\Scripts\python.exe","defusedxml","0.7.1","C:\work\envs\ds\Lib\site-packages"
"C:\work\envs\ds\Scripts\python.exe","dowhy","0.14","C:\work\envs\ds\Lib\site-packages"
"C:\work\envs\ds\Scripts\python.exe","duckdb","1.5.5","C:\work\envs\ds\Lib\site-packages"
"C:\work\envs\ds\Scripts\python.exe","econml","0.17.0","C:\work\envs\ds\Lib\site-packages"
"C:\work\envs\ds\Scripts\python.exe","entrypoints","0.4","C:\work\envs\ds\Lib\site-packages"
"C:\work\envs\ds\Scripts\python.exe","et_xmlfile","2.0.0","C:\work\envs\ds\Lib\site-packages"
"C:\work\envs\ds\Scripts\python.exe","executing","2.2.1","C:\work\envs\ds\Lib\site-packages"
"C:\work\envs\ds\Scripts\python.exe","faicons","0.2.2","C:\work\envs\ds\Lib\site-packages"
"C:\work\envs\ds\Scripts\python.exe","fastexcel","0.21.0","C:\work\envs\ds\Lib\site-packages"
"C:\work\envs\ds\Scripts\python.exe","fastjsonschema","2.22.2","C:\work\envs\ds\Lib\site-packages"
"C:\work\envs\ds\Scripts\python.exe","fonttools","4.65.0","C:\work\envs\ds\Lib\site-packages"
"C:\work\envs\ds\Scripts\python.exe","formulaic","1.2.2","C:\work\envs\ds\Lib\site-packages"
"C:\work\envs\ds\Scripts\python.exe","fqdn","1.5.1","C:\work\envs\ds\Lib\site-packages"
"C:\work\envs\ds\Scripts\python.exe","graphviz","0.21","C:\work\envs\ds\Lib\site-packages"
"C:\work\envs\ds\Scripts\python.exe","great-tables","0.24.0","C:\work\envs\ds\Lib\site-packages"
"C:\work\envs\ds\Scripts\python.exe","greenlet","3.5.6","C:\work\envs\ds\Lib\site-packages"
"C:\work\envs\ds\Scripts\python.exe","h11","0.16.0","C:\work\envs\ds\Lib\site-packages"
"C:\work\envs\ds\Scripts\python.exe","highspy","1.15.1","C:\work\envs\ds\Lib\site-packages"
"C:\work\envs\ds\Scripts\python.exe","htmltools","0.7.0","C:\work\envs\ds\Lib\site-packages"
"C:\work\envs\ds\Scripts\python.exe","httpcore","1.0.9","C:\work\envs\ds\Lib\site-packages"
"C:\work\envs\ds\Scripts\python.exe","httpx","0.28.1","C:\work\envs\ds\Lib\site-packages"
"C:\work\envs\ds\Scripts\python.exe","idna","3.20","C:\work\envs\ds\Lib\site-packages"
"C:\work\envs\ds\Scripts\python.exe","ImageIO","2.37.4","C:\work\envs\ds\Lib\site-packages"
"C:\work\envs\ds\Scripts\python.exe","importlib_metadata","9.0.1","C:\work\envs\ds\Lib\site-packages"
"C:\work\envs\ds\Scripts\python.exe","importlib_resources","7.1.0","C:\work\envs\ds\Lib\site-packages"
"C:\work\envs\ds\Scripts\python.exe","iniconfig","2.3.0","C:\work\envs\ds\Lib\site-packages"
"C:\work\envs\ds\Scripts\python.exe","interface_meta","2.0.1","C:\work\envs\ds\Lib\site-packages"
"C:\work\envs\ds\Scripts\python.exe","ipykernel","7.3.0","C:\work\envs\ds\Lib\site-packages"
"C:\work\envs\ds\Scripts\python.exe","ipython","9.17.1","C:\work\envs\ds\Lib\site-packages"
"C:\work\envs\ds\Scripts\python.exe","ipython_pygments_lexers","1.1.1","C:\work\envs\ds\Lib\site-packages"
"C:\work\envs\ds\Scripts\python.exe","isoduration","20.11.0","C:\work\envs\ds\Lib\site-packages"
"C:\work\envs\ds\Scripts\python.exe","jedi","0.20.0","C:\work\envs\ds\Lib\site-packages"
"C:\work\envs\ds\Scripts\python.exe","Jinja2","3.1.6","C:\work\envs\ds\Lib\site-packages"
"C:\work\envs\ds\Scripts\python.exe","joblib","1.6.0","C:\work\envs\ds\Lib\site-packages"
"C:\work\envs\ds\Scripts\python.exe","json5","0.15.0","C:\work\envs\ds\Lib\site-packages"
"C:\work\envs\ds\Scripts\python.exe","jsonpointer","3.1.1","C:\work\envs\ds\Lib\site-packages"
"C:\work\envs\ds\Scripts\python.exe","jsonschema","4.26.0","C:\work\envs\ds\Lib\site-packages"
"C:\work\envs\ds\Scripts\python.exe","jsonschema-specifications","2025.9.1","C:\work\envs\ds\Lib\site-packages"
"C:\work\envs\ds\Scripts\python.exe","jupyter-events","0.12.1","C:\work\envs\ds\Lib\site-packages"
"C:\work\envs\ds\Scripts\python.exe","jupyter-lsp","2.3.1","C:\work\envs\ds\Lib\site-packages"
"C:\work\envs\ds\Scripts\python.exe","jupyter_builder","1.2.3","C:\work\envs\ds\Lib\site-packages"
"C:\work\envs\ds\Scripts\python.exe","jupyter_client","8.10.0","C:\work\envs\ds\Lib\site-packages"
"C:\work\envs\ds\Scripts\python.exe","jupyter_core","5.9.1","C:\work\envs\ds\Lib\site-packages"
"C:\work\envs\ds\Scripts\python.exe","jupyter_server","2.21.1","C:\work\envs\ds\Lib\site-packages"
"C:\work\envs\ds\Scripts\python.exe","jupyter_server_terminals","0.5.4","C:\work\envs\ds\Lib\site-packages"
"C:\work\envs\ds\Scripts\python.exe","jupyterlab","4.6.3","C:\work\envs\ds\Lib\site-packages"
"C:\work\envs\ds\Scripts\python.exe","jupyterlab_pygments","0.3.0","C:\work\envs\ds\Lib\site-packages"
"C:\work\envs\ds\Scripts\python.exe","jupyterlab_server","2.28.1","C:\work\envs\ds\Lib\site-packages"
"C:\work\envs\ds\Scripts\python.exe","kiwisolver","1.5.1","C:\work\envs\ds\Lib\site-packages"
"C:\work\envs\ds\Scripts\python.exe","lark","1.3.1","C:\work\envs\ds\Lib\site-packages"
"C:\work\envs\ds\Scripts\python.exe","lazy-loader","0.5","C:\work\envs\ds\Lib\site-packages"
"C:\work\envs\ds\Scripts\python.exe","lifelines","0.30.0","C:\work\envs\ds\Lib\site-packages"
"C:\work\envs\ds\Scripts\python.exe","lightgbm","4.7.0","C:\work\envs\ds\Lib\site-packages"
"C:\work\envs\ds\Scripts\python.exe","lime","0.2.0.1","C:\work\envs\ds\Lib\site-packages"
"C:\work\envs\ds\Scripts\python.exe","llvmlite","0.49.0","C:\work\envs\ds\Lib\site-packages"
"C:\work\envs\ds\Scripts\python.exe","lz4","4.4.5","C:\work\envs\ds\Lib\site-packages"
"C:\work\envs\ds\Scripts\python.exe","MarkupSafe","3.0.3","C:\work\envs\ds\Lib\site-packages"
"C:\work\envs\ds\Scripts\python.exe","matplotlib","3.11.2","C:\work\envs\ds\Lib\site-packages"
"C:\work\envs\ds\Scripts\python.exe","matplotlib-inline","0.2.2","C:\work\envs\ds\Lib\site-packages"
"C:\work\envs\ds\Scripts\python.exe","mistune","3.3.4","C:\work\envs\ds\Lib\site-packages"
"C:\work\envs\ds\Scripts\python.exe","momentchi2","0.1.8","C:\work\envs\ds\Lib\site-packages"
"C:\work\envs\ds\Scripts\python.exe","mpmath","1.3.0","C:\work\envs\ds\Lib\site-packages"
"C:\work\envs\ds\Scripts\python.exe","multimark","0.3.2","C:\work\envs\ds\Lib\site-packages"
"C:\work\envs\ds\Scripts\python.exe","narwhals","2.26.0","C:\work\envs\ds\Lib\site-packages"
"C:\work\envs\ds\Scripts\python.exe","nbclient","0.11.0","C:\work\envs\ds\Lib\site-packages"
"C:\work\envs\ds\Scripts\python.exe","nbconvert","7.17.1","C:\work\envs\ds\Lib\site-packages"
"C:\work\envs\ds\Scripts\python.exe","nbformat","5.11.1","C:\work\envs\ds\Lib\site-packages"
"C:\work\envs\ds\Scripts\python.exe","nest-asyncio2","1.7.2","C:\work\envs\ds\Lib\site-packages"
"C:\work\envs\ds\Scripts\python.exe","networkx","3.6.1","C:\work\envs\ds\Lib\site-packages"
"C:\work\envs\ds\Scripts\python.exe","nokap","0.1.0","C:\work\envs\ds\Lib\site-packages"
"C:\work\envs\ds\Scripts\python.exe","notebook_shim","0.2.4","C:\work\envs\ds\Lib\site-packages"
"C:\work\envs\ds\Scripts\python.exe","numba","0.67.0","C:\work\envs\ds\Lib\site-packages"
"C:\work\envs\ds\Scripts\python.exe","numpy","2.5.3","C:\work\envs\ds\Lib\site-packages"
"C:\work\envs\ds\Scripts\python.exe","openpyxl","3.1.5","C:\work\envs\ds\Lib\site-packages"
"C:\work\envs\ds\Scripts\python.exe","osqp","1.1.3","C:\work\envs\ds\Lib\site-packages"
"C:\work\envs\ds\Scripts\python.exe","packaging","26.3","C:\work\envs\ds\Lib\site-packages"
"C:\work\envs\ds\Scripts\python.exe","pandas","3.0.6","C:\work\envs\ds\Lib\site-packages"
"C:\work\envs\ds\Scripts\python.exe","pandocfilters","1.5.1","C:\work\envs\ds\Lib\site-packages"
"C:\work\envs\ds\Scripts\python.exe","papermill","2.7.0","C:\work\envs\ds\Lib\site-packages"
"C:\work\envs\ds\Scripts\python.exe","parso","0.8.7","C:\work\envs\ds\Lib\site-packages"
"C:\work\envs\ds\Scripts\python.exe","patsy","1.0.3","C:\work\envs\ds\Lib\site-packages"
"C:\work\envs\ds\Scripts\python.exe","pillow","12.3.0","C:\work\envs\ds\Lib\site-packages"
"C:\work\envs\ds\Scripts\python.exe","platformdirs","4.11.11","C:\work\envs\ds\Lib\site-packages"
"C:\work\envs\ds\Scripts\python.exe","plotly","7.1.0","C:\work\envs\ds\Lib\site-packages"
"C:\work\envs\ds\Scripts\python.exe","pluggy","1.6.0","C:\work\envs\ds\Lib\site-packages"
"C:\work\envs\ds\Scripts\python.exe","polars","1.44.2","C:\work\envs\ds\Lib\site-packages"
"C:\work\envs\ds\Scripts\python.exe","polars-runtime-32","1.44.2","C:\work\envs\ds\Lib\site-packages"
"C:\work\envs\ds\Scripts\python.exe","prometheus_client","0.26.0","C:\work\envs\ds\Lib\site-packages"
"C:\work\envs\ds\Scripts\python.exe","prompt_toolkit","3.0.53","C:\work\envs\ds\Lib\site-packages"
"C:\work\envs\ds\Scripts\python.exe","psutil","7.2.2","C:\work\envs\ds\Lib\site-packages"
"C:\work\envs\ds\Scripts\python.exe","psycopg","3.3.6","C:\work\envs\ds\Lib\site-packages"
"C:\work\envs\ds\Scripts\python.exe","psycopg-binary","3.3.6","C:\work\envs\ds\Lib\site-packages"
"C:\work\envs\ds\Scripts\python.exe","pure_eval","0.2.4","C:\work\envs\ds\Lib\site-packages"
"C:\work\envs\ds\Scripts\python.exe","pyarrow","25.0.1","C:\work\envs\ds\Lib\site-packages"
"C:\work\envs\ds\Scripts\python.exe","pycparser","3.0","C:\work\envs\ds\Lib\site-packages"
"C:\work\envs\ds\Scripts\python.exe","pydot","4.0.1","C:\work\envs\ds\Lib\site-packages"
"C:\work\envs\ds\Scripts\python.exe","Pygments","2.21.0","C:\work\envs\ds\Lib\site-packages"
"C:\work\envs\ds\Scripts\python.exe","PyMySQL","1.2.3","C:\work\envs\ds\Lib\site-packages"
"C:\work\envs\ds\Scripts\python.exe","pyodbc","5.3.0","C:\work\envs\ds\Lib\site-packages"
"C:\work\envs\ds\Scripts\python.exe","pyparsing","3.3.2","C:\work\envs\ds\Lib\site-packages"
"C:\work\envs\ds\Scripts\python.exe","pytest","9.1.1","C:\work\envs\ds\Lib\site-packages"
"C:\work\envs\ds\Scripts\python.exe","python-calamine","0.8.2","C:\work\envs\ds\Lib\site-packages"
"C:\work\envs\ds\Scripts\python.exe","python-dateutil","2.9.0.post0","C:\work\envs\ds\Lib\site-packages"
"C:\work\envs\ds\Scripts\python.exe","python-json-logger","4.2.0","C:\work\envs\ds\Lib\site-packages"
"C:\work\envs\ds\Scripts\python.exe","pywin32","312","C:\work\envs\ds\Lib\site-packages"
"C:\work\envs\ds\Scripts\python.exe","pywinpty","3.0.5","C:\work\envs\ds\Lib\site-packages"
"C:\work\envs\ds\Scripts\python.exe","PyYAML","6.0.3","C:\work\envs\ds\Lib\site-packages"
"C:\work\envs\ds\Scripts\python.exe","pyzmq","27.2.0","C:\work\envs\ds\Lib\site-packages"
"C:\work\envs\ds\Scripts\python.exe","qdldl","0.1.9.post1","C:\work\envs\ds\Lib\site-packages"
"C:\work\envs\ds\Scripts\python.exe","referencing","0.37.0","C:\work\envs\ds\Lib\site-packages"
"C:\work\envs\ds\Scripts\python.exe","requests","2.34.2","C:\work\envs\ds\Lib\site-packages"
"C:\work\envs\ds\Scripts\python.exe","rfc3339-validator","0.1.4","C:\work\envs\ds\Lib\site-packages"
"C:\work\envs\ds\Scripts\python.exe","rfc3986-validator","0.1.1","C:\work\envs\ds\Lib\site-packages"
"C:\work\envs\ds\Scripts\python.exe","rfc3987-syntax","1.1.0","C:\work\envs\ds\Lib\site-packages"
"C:\work\envs\ds\Scripts\python.exe","rpds-py","2026.6.3","C:\work\envs\ds\Lib\site-packages"
"C:\work\envs\ds\Scripts\python.exe","ruff","0.16.8","C:\work\envs\ds\Lib\site-packages"
"C:\work\envs\ds\Scripts\python.exe","scikit-image","0.26.0","C:\work\envs\ds\Lib\site-packages"
"C:\work\envs\ds\Scripts\python.exe","scikit-learn","1.9.1","C:\work\envs\ds\Lib\site-packages"
"C:\work\envs\ds\Scripts\python.exe","scipy","1.18.1","C:\work\envs\ds\Lib\site-packages"
"C:\work\envs\ds\Scripts\python.exe","scs","3.3.1","C:\work\envs\ds\Lib\site-packages"
"C:\work\envs\ds\Scripts\python.exe","seaborn","0.13.2","C:\work\envs\ds\Lib\site-packages"
"C:\work\envs\ds\Scripts\python.exe","Send2Trash","2.1.0","C:\work\envs\ds\Lib\site-packages"
"C:\work\envs\ds\Scripts\python.exe","setuptools","84.0.0","C:\work\envs\ds\Lib\site-packages"
"C:\work\envs\ds\Scripts\python.exe","shap","0.52.0","C:\work\envs\ds\Lib\site-packages"
"C:\work\envs\ds\Scripts\python.exe","six","1.17.0","C:\work\envs\ds\Lib\site-packages"
"C:\work\envs\ds\Scripts\python.exe","slicer","0.0.8","C:\work\envs\ds\Lib\site-packages"
"C:\work\envs\ds\Scripts\python.exe","soupsieve","2.9.2","C:\work\envs\ds\Lib\site-packages"
"C:\work\envs\ds\Scripts\python.exe","sparse","0.19.2","C:\work\envs\ds\Lib\site-packages"
"C:\work\envs\ds\Scripts\python.exe","sparsediffpy","0.6.1","C:\work\envs\ds\Lib\site-packages"
"C:\work\envs\ds\Scripts\python.exe","SQLAlchemy","2.0.54","C:\work\envs\ds\Lib\site-packages"
"C:\work\envs\ds\Scripts\python.exe","stack-data","0.6.3","C:\work\envs\ds\Lib\site-packages"
"C:\work\envs\ds\Scripts\python.exe","statsmodels","0.15.0","C:\work\envs\ds\Lib\site-packages"
"C:\work\envs\ds\Scripts\python.exe","sympy","1.14.0","C:\work\envs\ds\Lib\site-packages"
"C:\work\envs\ds\Scripts\python.exe","tenacity","9.1.4","C:\work\envs\ds\Lib\site-packages"
"C:\work\envs\ds\Scripts\python.exe","terminado","0.18.1","C:\work\envs\ds\Lib\site-packages"
"C:\work\envs\ds\Scripts\python.exe","threadpoolctl","3.7.0","C:\work\envs\ds\Lib\site-packages"
"C:\work\envs\ds\Scripts\python.exe","tifffile","2026.9.15","C:\work\envs\ds\Lib\site-packages"
"C:\work\envs\ds\Scripts\python.exe","tinycss2","1.5.1","C:\work\envs\ds\Lib\site-packages"
"C:\work\envs\ds\Scripts\python.exe","tornado","6.5.10","C:\work\envs\ds\Lib\site-packages"
"C:\work\envs\ds\Scripts\python.exe","tqdm","4.70.1","C:\work\envs\ds\Lib\site-packages"
"C:\work\envs\ds\Scripts\python.exe","traitlets","5.16.1","C:\work\envs\ds\Lib\site-packages"
"C:\work\envs\ds\Scripts\python.exe","typing_extensions","4.16.0","C:\work\envs\ds\Lib\site-packages"
"C:\work\envs\ds\Scripts\python.exe","tzdata","2026.4","C:\work\envs\ds\Lib\site-packages"
"C:\work\envs\ds\Scripts\python.exe","uri-template","1.3.0","C:\work\envs\ds\Lib\site-packages"
"C:\work\envs\ds\Scripts\python.exe","urllib3","2.8.0","C:\work\envs\ds\Lib\site-packages"
"C:\work\envs\ds\Scripts\python.exe","wcwidth","0.8.4","C:\work\envs\ds\Lib\site-packages"
"C:\work\envs\ds\Scripts\python.exe","webcolors","25.10.0","C:\work\envs\ds\Lib\site-packages"
"C:\work\envs\ds\Scripts\python.exe","webencodings","0.6.1","C:\work\envs\ds\Lib\site-packages"
"C:\work\envs\ds\Scripts\python.exe","websocket-client","1.9.2","C:\work\envs\ds\Lib\site-packages"
"C:\work\envs\ds\Scripts\python.exe","websockets","17.1","C:\work\envs\ds\Lib\site-packages"
"C:\work\envs\ds\Scripts\python.exe","wrapt","2.4.1","C:\work\envs\ds\Lib\site-packages"
"C:\work\envs\ds\Scripts\python.exe","xgboost","3.4.1","C:\work\envs\ds\Lib\site-packages"
"C:\work\envs\ds\Scripts\python.exe","xlsxwriter","3.2.9","C:\work\envs\ds\Lib\site-packages"
"C:\work\envs\ds\Scripts\python.exe","zipp","4.1.0","C:\work\envs\ds\Lib\site-packages"
"C:\work\projects\lab\.venv\Scripts\python.exe","anyio","4.15.1","C:\work\projects\lab\.venv\Lib\site-packages"
"C:\work\projects\lab\.venv\Scripts\python.exe","argon2-cffi","25.1.0","C:\work\projects\lab\.venv\Lib\site-packages"
"C:\work\projects\lab\.venv\Scripts\python.exe","argon2-cffi-bindings","26.1.0","C:\work\projects\lab\.venv\Lib\site-packages"
"C:\work\projects\lab\.venv\Scripts\python.exe","arrow","1.4.0","C:\work\projects\lab\.venv\Lib\site-packages"
"C:\work\projects\lab\.venv\Scripts\python.exe","asttokens","3.0.2","C:\work\projects\lab\.venv\Lib\site-packages"
"C:\work\projects\lab\.venv\Scripts\python.exe","async-lru","2.3.0","C:\work\projects\lab\.venv\Lib\site-packages"
"C:\work\projects\lab\.venv\Scripts\python.exe","attrs","26.1.0","C:\work\projects\lab\.venv\Lib\site-packages"
"C:\work\projects\lab\.venv\Scripts\python.exe","autograd","1.9.1","C:\work\projects\lab\.venv\Lib\site-packages"
"C:\work\projects\lab\.venv\Scripts\python.exe","autograd-gamma","0.5.0","C:\work\projects\lab\.venv\Lib\site-packages"
"C:\work\projects\lab\.venv\Scripts\python.exe","babel","2.18.0","C:\work\projects\lab\.venv\Lib\site-packages"
"C:\work\projects\lab\.venv\Scripts\python.exe","backports.zstd","1.7.0","C:\work\projects\lab\.venv\Lib\site-packages"
"C:\work\projects\lab\.venv\Scripts\python.exe","beautifulsoup4","4.15.0","C:\work\projects\lab\.venv\Lib\site-packages"
"C:\work\projects\lab\.venv\Scripts\python.exe","bleach","6.4.0","C:\work\projects\lab\.venv\Lib\site-packages"
"C:\work\projects\lab\.venv\Scripts\python.exe","causal-learn","0.1.4.8","C:\work\projects\lab\.venv\Lib\site-packages"
"C:\work\projects\lab\.venv\Scripts\python.exe","certifi","2026.7.22","C:\work\projects\lab\.venv\Lib\site-packages"
"C:\work\projects\lab\.venv\Scripts\python.exe","cffi","2.1.1","C:\work\projects\lab\.venv\Lib\site-packages"
"C:\work\projects\lab\.venv\Scripts\python.exe","charset-normalizer","3.5.1","C:\work\projects\lab\.venv\Lib\site-packages"
"C:\work\projects\lab\.venv\Scripts\python.exe","clarabel","0.11.1","C:\work\projects\lab\.venv\Lib\site-packages"
"C:\work\projects\lab\.venv\Scripts\python.exe","click","8.5.0","C:\work\projects\lab\.venv\Lib\site-packages"
"C:\work\projects\lab\.venv\Scripts\python.exe","clickhouse-connect","1.8.0","C:\work\projects\lab\.venv\Lib\site-packages"
"C:\work\projects\lab\.venv\Scripts\python.exe","cloudpickle","3.1.2","C:\work\projects\lab\.venv\Lib\site-packages"
"C:\work\projects\lab\.venv\Scripts\python.exe","colorama","0.4.6","C:\work\projects\lab\.venv\Lib\site-packages"
"C:\work\projects\lab\.venv\Scripts\python.exe","comm","0.2.3","C:\work\projects\lab\.venv\Lib\site-packages"
"C:\work\projects\lab\.venv\Scripts\python.exe","contourpy","1.4.0","C:\work\projects\lab\.venv\Lib\site-packages"
"C:\work\projects\lab\.venv\Scripts\python.exe","cvxpy","1.9.3","C:\work\projects\lab\.venv\Lib\site-packages"
"C:\work\projects\lab\.venv\Scripts\python.exe","cycler","0.12.1","C:\work\projects\lab\.venv\Lib\site-packages"
"C:\work\projects\lab\.venv\Scripts\python.exe","Cython","3.3.0","C:\work\projects\lab\.venv\Lib\site-packages"
"C:\work\projects\lab\.venv\Scripts\python.exe","debugpy","1.8.22","C:\work\projects\lab\.venv\Lib\site-packages"
"C:\work\projects\lab\.venv\Scripts\python.exe","defusedxml","0.7.1","C:\work\projects\lab\.venv\Lib\site-packages"
"C:\work\projects\lab\.venv\Scripts\python.exe","dowhy","0.14","C:\work\projects\lab\.venv\Lib\site-packages"
"C:\work\projects\lab\.venv\Scripts\python.exe","duckdb","1.5.5","C:\work\projects\lab\.venv\Lib\site-packages"
"C:\work\projects\lab\.venv\Scripts\python.exe","econml","0.17.0","C:\work\projects\lab\.venv\Lib\site-packages"
"C:\work\projects\lab\.venv\Scripts\python.exe","entrypoints","0.4","C:\work\projects\lab\.venv\Lib\site-packages"
"C:\work\projects\lab\.venv\Scripts\python.exe","et_xmlfile","2.0.0","C:\work\projects\lab\.venv\Lib\site-packages"
"C:\work\projects\lab\.venv\Scripts\python.exe","executing","2.2.1","C:\work\projects\lab\.venv\Lib\site-packages"
"C:\work\projects\lab\.venv\Scripts\python.exe","faicons","0.2.2","C:\work\projects\lab\.venv\Lib\site-packages"
"C:\work\projects\lab\.venv\Scripts\python.exe","fastexcel","0.21.0","C:\work\projects\lab\.venv\Lib\site-packages"
"C:\work\projects\lab\.venv\Scripts\python.exe","fastjsonschema","2.22.2","C:\work\projects\lab\.venv\Lib\site-packages"
"C:\work\projects\lab\.venv\Scripts\python.exe","fonttools","4.65.0","C:\work\projects\lab\.venv\Lib\site-packages"
"C:\work\projects\lab\.venv\Scripts\python.exe","formulaic","1.2.2","C:\work\projects\lab\.venv\Lib\site-packages"
"C:\work\projects\lab\.venv\Scripts\python.exe","fqdn","1.5.1","C:\work\projects\lab\.venv\Lib\site-packages"
"C:\work\projects\lab\.venv\Scripts\python.exe","graphviz","0.21","C:\work\projects\lab\.venv\Lib\site-packages"
"C:\work\projects\lab\.venv\Scripts\python.exe","great-tables","0.24.0","C:\work\projects\lab\.venv\Lib\site-packages"
"C:\work\projects\lab\.venv\Scripts\python.exe","greenlet","3.5.6","C:\work\projects\lab\.venv\Lib\site-packages"
"C:\work\projects\lab\.venv\Scripts\python.exe","h11","0.16.0","C:\work\projects\lab\.venv\Lib\site-packages"
"C:\work\projects\lab\.venv\Scripts\python.exe","highspy","1.15.1","C:\work\projects\lab\.venv\Lib\site-packages"
"C:\work\projects\lab\.venv\Scripts\python.exe","htmltools","0.7.0","C:\work\projects\lab\.venv\Lib\site-packages"
"C:\work\projects\lab\.venv\Scripts\python.exe","httpcore","1.0.9","C:\work\projects\lab\.venv\Lib\site-packages"
"C:\work\projects\lab\.venv\Scripts\python.exe","httpx","0.28.1","C:\work\projects\lab\.venv\Lib\site-packages"
"C:\work\projects\lab\.venv\Scripts\python.exe","idna","3.20","C:\work\projects\lab\.venv\Lib\site-packages"
"C:\work\projects\lab\.venv\Scripts\python.exe","ImageIO","2.37.4","C:\work\projects\lab\.venv\Lib\site-packages"
"C:\work\projects\lab\.venv\Scripts\python.exe","importlib_metadata","9.0.1","C:\work\projects\lab\.venv\Lib\site-packages"
"C:\work\projects\lab\.venv\Scripts\python.exe","importlib_resources","7.1.0","C:\work\projects\lab\.venv\Lib\site-packages"
"C:\work\projects\lab\.venv\Scripts\python.exe","iniconfig","2.3.0","C:\work\projects\lab\.venv\Lib\site-packages"
"C:\work\projects\lab\.venv\Scripts\python.exe","interface_meta","2.0.1","C:\work\projects\lab\.venv\Lib\site-packages"
"C:\work\projects\lab\.venv\Scripts\python.exe","ipykernel","7.3.0","C:\work\projects\lab\.venv\Lib\site-packages"
"C:\work\projects\lab\.venv\Scripts\python.exe","ipython","9.17.1","C:\work\projects\lab\.venv\Lib\site-packages"
"C:\work\projects\lab\.venv\Scripts\python.exe","ipython_pygments_lexers","1.1.1","C:\work\projects\lab\.venv\Lib\site-packages"
"C:\work\projects\lab\.venv\Scripts\python.exe","isoduration","20.11.0","C:\work\projects\lab\.venv\Lib\site-packages"
"C:\work\projects\lab\.venv\Scripts\python.exe","jedi","0.20.0","C:\work\projects\lab\.venv\Lib\site-packages"
"C:\work\projects\lab\.venv\Scripts\python.exe","Jinja2","3.1.6","C:\work\projects\lab\.venv\Lib\site-packages"
"C:\work\projects\lab\.venv\Scripts\python.exe","joblib","1.6.0","C:\work\projects\lab\.venv\Lib\site-packages"
"C:\work\projects\lab\.venv\Scripts\python.exe","json5","0.15.0","C:\work\projects\lab\.venv\Lib\site-packages"
"C:\work\projects\lab\.venv\Scripts\python.exe","jsonpointer","3.1.1","C:\work\projects\lab\.venv\Lib\site-packages"
"C:\work\projects\lab\.venv\Scripts\python.exe","jsonschema","4.26.0","C:\work\projects\lab\.venv\Lib\site-packages"
"C:\work\projects\lab\.venv\Scripts\python.exe","jsonschema-specifications","2025.9.1","C:\work\projects\lab\.venv\Lib\site-packages"
"C:\work\projects\lab\.venv\Scripts\python.exe","jupyter-events","0.12.1","C:\work\projects\lab\.venv\Lib\site-packages"
"C:\work\projects\lab\.venv\Scripts\python.exe","jupyter-lsp","2.3.1","C:\work\projects\lab\.venv\Lib\site-packages"
"C:\work\projects\lab\.venv\Scripts\python.exe","jupyter_builder","1.2.3","C:\work\projects\lab\.venv\Lib\site-packages"
"C:\work\projects\lab\.venv\Scripts\python.exe","jupyter_client","8.10.0","C:\work\projects\lab\.venv\Lib\site-packages"
"C:\work\projects\lab\.venv\Scripts\python.exe","jupyter_core","5.9.1","C:\work\projects\lab\.venv\Lib\site-packages"
"C:\work\projects\lab\.venv\Scripts\python.exe","jupyter_server","2.21.1","C:\work\projects\lab\.venv\Lib\site-packages"
"C:\work\projects\lab\.venv\Scripts\python.exe","jupyter_server_terminals","0.5.4","C:\work\projects\lab\.venv\Lib\site-packages"
"C:\work\projects\lab\.venv\Scripts\python.exe","jupyterlab","4.6.3","C:\work\projects\lab\.venv\Lib\site-packages"
"C:\work\projects\lab\.venv\Scripts\python.exe","jupyterlab_pygments","0.3.0","C:\work\projects\lab\.venv\Lib\site-packages"
"C:\work\projects\lab\.venv\Scripts\python.exe","jupyterlab_server","2.28.1","C:\work\projects\lab\.venv\Lib\site-packages"
"C:\work\projects\lab\.venv\Scripts\python.exe","kiwisolver","1.5.1","C:\work\projects\lab\.venv\Lib\site-packages"
"C:\work\projects\lab\.venv\Scripts\python.exe","lark","1.3.1","C:\work\projects\lab\.venv\Lib\site-packages"
"C:\work\projects\lab\.venv\Scripts\python.exe","lazy-loader","0.5","C:\work\projects\lab\.venv\Lib\site-packages"
"C:\work\projects\lab\.venv\Scripts\python.exe","lifelines","0.30.0","C:\work\projects\lab\.venv\Lib\site-packages"
"C:\work\projects\lab\.venv\Scripts\python.exe","lightgbm","4.7.0","C:\work\projects\lab\.venv\Lib\site-packages"
"C:\work\projects\lab\.venv\Scripts\python.exe","lime","0.2.0.1","C:\work\projects\lab\.venv\Lib\site-packages"
"C:\work\projects\lab\.venv\Scripts\python.exe","llvmlite","0.49.0","C:\work\projects\lab\.venv\Lib\site-packages"
"C:\work\projects\lab\.venv\Scripts\python.exe","lz4","4.4.5","C:\work\projects\lab\.venv\Lib\site-packages"
"C:\work\projects\lab\.venv\Scripts\python.exe","MarkupSafe","3.0.3","C:\work\projects\lab\.venv\Lib\site-packages"
"C:\work\projects\lab\.venv\Scripts\python.exe","matplotlib","3.11.2","C:\work\projects\lab\.venv\Lib\site-packages"
"C:\work\projects\lab\.venv\Scripts\python.exe","matplotlib-inline","0.2.2","C:\work\projects\lab\.venv\Lib\site-packages"
"C:\work\projects\lab\.venv\Scripts\python.exe","mistune","3.3.4","C:\work\projects\lab\.venv\Lib\site-packages"
"C:\work\projects\lab\.venv\Scripts\python.exe","momentchi2","0.1.8","C:\work\projects\lab\.venv\Lib\site-packages"
"C:\work\projects\lab\.venv\Scripts\python.exe","mpmath","1.3.0","C:\work\projects\lab\.venv\Lib\site-packages"
"C:\work\projects\lab\.venv\Scripts\python.exe","multimark","0.3.2","C:\work\projects\lab\.venv\Lib\site-packages"
"C:\work\projects\lab\.venv\Scripts\python.exe","narwhals","2.26.0","C:\work\projects\lab\.venv\Lib\site-packages"
"C:\work\projects\lab\.venv\Scripts\python.exe","nbclient","0.11.0","C:\work\projects\lab\.venv\Lib\site-packages"
"C:\work\projects\lab\.venv\Scripts\python.exe","nbconvert","7.17.1","C:\work\projects\lab\.venv\Lib\site-packages"
"C:\work\projects\lab\.venv\Scripts\python.exe","nbformat","5.11.1","C:\work\projects\lab\.venv\Lib\site-packages"
"C:\work\projects\lab\.venv\Scripts\python.exe","nest-asyncio2","1.7.2","C:\work\projects\lab\.venv\Lib\site-packages"
"C:\work\projects\lab\.venv\Scripts\python.exe","networkx","3.6.1","C:\work\projects\lab\.venv\Lib\site-packages"
"C:\work\projects\lab\.venv\Scripts\python.exe","nokap","0.1.0","C:\work\projects\lab\.venv\Lib\site-packages"
"C:\work\projects\lab\.venv\Scripts\python.exe","notebook_shim","0.2.4","C:\work\projects\lab\.venv\Lib\site-packages"
"C:\work\projects\lab\.venv\Scripts\python.exe","numba","0.67.0","C:\work\projects\lab\.venv\Lib\site-packages"
"C:\work\projects\lab\.venv\Scripts\python.exe","numpy","2.5.3","C:\work\projects\lab\.venv\Lib\site-packages"
"C:\work\projects\lab\.venv\Scripts\python.exe","openpyxl","3.1.5","C:\work\projects\lab\.venv\Lib\site-packages"
"C:\work\projects\lab\.venv\Scripts\python.exe","osqp","1.1.3","C:\work\projects\lab\.venv\Lib\site-packages"
"C:\work\projects\lab\.venv\Scripts\python.exe","packaging","26.3","C:\work\projects\lab\.venv\Lib\site-packages"
"C:\work\projects\lab\.venv\Scripts\python.exe","pandas","3.0.6","C:\work\projects\lab\.venv\Lib\site-packages"
"C:\work\projects\lab\.venv\Scripts\python.exe","pandocfilters","1.5.1","C:\work\projects\lab\.venv\Lib\site-packages"
"C:\work\projects\lab\.venv\Scripts\python.exe","papermill","2.7.0","C:\work\projects\lab\.venv\Lib\site-packages"
"C:\work\projects\lab\.venv\Scripts\python.exe","parso","0.8.7","C:\work\projects\lab\.venv\Lib\site-packages"
"C:\work\projects\lab\.venv\Scripts\python.exe","patsy","1.0.3","C:\work\projects\lab\.venv\Lib\site-packages"
"C:\work\projects\lab\.venv\Scripts\python.exe","pillow","12.3.0","C:\work\projects\lab\.venv\Lib\site-packages"
"C:\work\projects\lab\.venv\Scripts\python.exe","platformdirs","4.11.11","C:\work\projects\lab\.venv\Lib\site-packages"
"C:\work\projects\lab\.venv\Scripts\python.exe","plotly","7.1.0","C:\work\projects\lab\.venv\Lib\site-packages"
"C:\work\projects\lab\.venv\Scripts\python.exe","pluggy","1.6.0","C:\work\projects\lab\.venv\Lib\site-packages"
"C:\work\projects\lab\.venv\Scripts\python.exe","polars","1.44.2","C:\work\projects\lab\.venv\Lib\site-packages"
"C:\work\projects\lab\.venv\Scripts\python.exe","polars-runtime-32","1.44.2","C:\work\projects\lab\.venv\Lib\site-packages"
"C:\work\projects\lab\.venv\Scripts\python.exe","prometheus_client","0.26.0","C:\work\projects\lab\.venv\Lib\site-packages"
"C:\work\projects\lab\.venv\Scripts\python.exe","prompt_toolkit","3.0.53","C:\work\projects\lab\.venv\Lib\site-packages"
"C:\work\projects\lab\.venv\Scripts\python.exe","psutil","7.2.2","C:\work\projects\lab\.venv\Lib\site-packages"
"C:\work\projects\lab\.venv\Scripts\python.exe","psycopg","3.3.6","C:\work\projects\lab\.venv\Lib\site-packages"
"C:\work\projects\lab\.venv\Scripts\python.exe","psycopg-binary","3.3.6","C:\work\projects\lab\.venv\Lib\site-packages"
"C:\work\projects\lab\.venv\Scripts\python.exe","pure_eval","0.2.4","C:\work\projects\lab\.venv\Lib\site-packages"
"C:\work\projects\lab\.venv\Scripts\python.exe","pyarrow","25.0.1","C:\work\projects\lab\.venv\Lib\site-packages"
"C:\work\projects\lab\.venv\Scripts\python.exe","pycparser","3.0","C:\work\projects\lab\.venv\Lib\site-packages"
"C:\work\projects\lab\.venv\Scripts\python.exe","pydot","4.0.1","C:\work\projects\lab\.venv\Lib\site-packages"
"C:\work\projects\lab\.venv\Scripts\python.exe","Pygments","2.21.0","C:\work\projects\lab\.venv\Lib\site-packages"
"C:\work\projects\lab\.venv\Scripts\python.exe","PyMySQL","1.2.3","C:\work\projects\lab\.venv\Lib\site-packages"
"C:\work\projects\lab\.venv\Scripts\python.exe","pyodbc","5.3.0","C:\work\projects\lab\.venv\Lib\site-packages"
"C:\work\projects\lab\.venv\Scripts\python.exe","pyparsing","3.3.2","C:\work\projects\lab\.venv\Lib\site-packages"
"C:\work\projects\lab\.venv\Scripts\python.exe","pytest","9.1.1","C:\work\projects\lab\.venv\Lib\site-packages"
"C:\work\projects\lab\.venv\Scripts\python.exe","python-calamine","0.8.2","C:\work\projects\lab\.venv\Lib\site-packages"
"C:\work\projects\lab\.venv\Scripts\python.exe","python-dateutil","2.9.0.post0","C:\work\projects\lab\.venv\Lib\site-packages"
"C:\work\projects\lab\.venv\Scripts\python.exe","python-json-logger","4.2.0","C:\work\projects\lab\.venv\Lib\site-packages"
"C:\work\projects\lab\.venv\Scripts\python.exe","pywin32","312","C:\work\projects\lab\.venv\Lib\site-packages"
"C:\work\projects\lab\.venv\Scripts\python.exe","pywinpty","3.0.5","C:\work\projects\lab\.venv\Lib\site-packages"
"C:\work\projects\lab\.venv\Scripts\python.exe","PyYAML","6.0.3","C:\work\projects\lab\.venv\Lib\site-packages"
"C:\work\projects\lab\.venv\Scripts\python.exe","pyzmq","27.2.0","C:\work\projects\lab\.venv\Lib\site-packages"
"C:\work\projects\lab\.venv\Scripts\python.exe","qdldl","0.1.9.post1","C:\work\projects\lab\.venv\Lib\site-packages"
"C:\work\projects\lab\.venv\Scripts\python.exe","referencing","0.37.0","C:\work\projects\lab\.venv\Lib\site-packages"
"C:\work\projects\lab\.venv\Scripts\python.exe","requests","2.34.2","C:\work\projects\lab\.venv\Lib\site-packages"
"C:\work\projects\lab\.venv\Scripts\python.exe","rfc3339-validator","0.1.4","C:\work\projects\lab\.venv\Lib\site-packages"
"C:\work\projects\lab\.venv\Scripts\python.exe","rfc3986-validator","0.1.1","C:\work\projects\lab\.venv\Lib\site-packages"
"C:\work\projects\lab\.venv\Scripts\python.exe","rfc3987-syntax","1.1.0","C:\work\projects\lab\.venv\Lib\site-packages"
"C:\work\projects\lab\.venv\Scripts\python.exe","rpds-py","2026.6.3","C:\work\projects\lab\.venv\Lib\site-packages"
"C:\work\projects\lab\.venv\Scripts\python.exe","ruff","0.16.8","C:\work\projects\lab\.venv\Lib\site-packages"
"C:\work\projects\lab\.venv\Scripts\python.exe","scikit-image","0.26.0","C:\work\projects\lab\.venv\Lib\site-packages"
"C:\work\projects\lab\.venv\Scripts\python.exe","scikit-learn","1.9.1","C:\work\projects\lab\.venv\Lib\site-packages"
"C:\work\projects\lab\.venv\Scripts\python.exe","scipy","1.18.1","C:\work\projects\lab\.venv\Lib\site-packages"
"C:\work\projects\lab\.venv\Scripts\python.exe","scs","3.3.1","C:\work\projects\lab\.venv\Lib\site-packages"
"C:\work\projects\lab\.venv\Scripts\python.exe","seaborn","0.13.2","C:\work\projects\lab\.venv\Lib\site-packages"
"C:\work\projects\lab\.venv\Scripts\python.exe","Send2Trash","2.1.0","C:\work\projects\lab\.venv\Lib\site-packages"
"C:\work\projects\lab\.venv\Scripts\python.exe","setuptools","84.0.0","C:\work\projects\lab\.venv\Lib\site-packages"
"C:\work\projects\lab\.venv\Scripts\python.exe","shap","0.52.0","C:\work\projects\lab\.venv\Lib\site-packages"
"C:\work\projects\lab\.venv\Scripts\python.exe","six","1.17.0","C:\work\projects\lab\.venv\Lib\site-packages"
"C:\work\projects\lab\.venv\Scripts\python.exe","slicer","0.0.8","C:\work\projects\lab\.venv\Lib\site-packages"
"C:\work\projects\lab\.venv\Scripts\python.exe","soupsieve","2.9.2","C:\work\projects\lab\.venv\Lib\site-packages"
"C:\work\projects\lab\.venv\Scripts\python.exe","sparse","0.19.2","C:\work\projects\lab\.venv\Lib\site-packages"
"C:\work\projects\lab\.venv\Scripts\python.exe","sparsediffpy","0.6.1","C:\work\projects\lab\.venv\Lib\site-packages"
"C:\work\projects\lab\.venv\Scripts\python.exe","SQLAlchemy","2.0.54","C:\work\projects\lab\.venv\Lib\site-packages"
"C:\work\projects\lab\.venv\Scripts\python.exe","stack-data","0.6.3","C:\work\projects\lab\.venv\Lib\site-packages"
"C:\work\projects\lab\.venv\Scripts\python.exe","statsmodels","0.15.0","C:\work\projects\lab\.venv\Lib\site-packages"
"C:\work\projects\lab\.venv\Scripts\python.exe","sympy","1.14.0","C:\work\projects\lab\.venv\Lib\site-packages"
"C:\work\projects\lab\.venv\Scripts\python.exe","tenacity","9.1.4","C:\work\projects\lab\.venv\Lib\site-packages"
"C:\work\projects\lab\.venv\Scripts\python.exe","terminado","0.18.1","C:\work\projects\lab\.venv\Lib\site-packages"
"C:\work\projects\lab\.venv\Scripts\python.exe","threadpoolctl","3.7.0","C:\work\projects\lab\.venv\Lib\site-packages"
"C:\work\projects\lab\.venv\Scripts\python.exe","tifffile","2026.9.15","C:\work\projects\lab\.venv\Lib\site-packages"
"C:\work\projects\lab\.venv\Scripts\python.exe","tinycss2","1.5.1","C:\work\projects\lab\.venv\Lib\site-packages"
"C:\work\projects\lab\.venv\Scripts\python.exe","tornado","6.5.10","C:\work\projects\lab\.venv\Lib\site-packages"
"C:\work\projects\lab\.venv\Scripts\python.exe","tqdm","4.70.1","C:\work\projects\lab\.venv\Lib\site-packages"
"C:\work\projects\lab\.venv\Scripts\python.exe","traitlets","5.16.1","C:\work\projects\lab\.venv\Lib\site-packages"
"C:\work\projects\lab\.venv\Scripts\python.exe","typing_extensions","4.16.0","C:\work\projects\lab\.venv\Lib\site-packages"
"C:\work\projects\lab\.venv\Scripts\python.exe","tzdata","2026.4","C:\work\projects\lab\.venv\Lib\site-packages"
"C:\work\projects\lab\.venv\Scripts\python.exe","uri-template","1.3.0","C:\work\projects\lab\.venv\Lib\site-packages"
"C:\work\projects\lab\.venv\Scripts\python.exe","urllib3","2.8.0","C:\work\projects\lab\.venv\Lib\site-packages"
"C:\work\projects\lab\.venv\Scripts\python.exe","wcwidth","0.8.4","C:\work\projects\lab\.venv\Lib\site-packages"
"C:\work\projects\lab\.venv\Scripts\python.exe","webcolors","25.10.0","C:\work\projects\lab\.venv\Lib\site-packages"
"C:\work\projects\lab\.venv\Scripts\python.exe","webencodings","0.6.1","C:\work\projects\lab\.venv\Lib\site-packages"
"C:\work\projects\lab\.venv\Scripts\python.exe","websocket-client","1.9.2","C:\work\projects\lab\.venv\Lib\site-packages"
"C:\work\projects\lab\.venv\Scripts\python.exe","websockets","17.1","C:\work\projects\lab\.venv\Lib\site-packages"
"C:\work\projects\lab\.venv\Scripts\python.exe","wrapt","2.4.1","C:\work\projects\lab\.venv\Lib\site-packages"
"C:\work\projects\lab\.venv\Scripts\python.exe","xgboost","3.4.1","C:\work\projects\lab\.venv\Lib\site-packages"
"C:\work\projects\lab\.venv\Scripts\python.exe","xlsxwriter","3.2.9","C:\work\projects\lab\.venv\Lib\site-packages"
"C:\work\projects\lab\.venv\Scripts\python.exe","zipp","4.1.0","C:\work\projects\lab\.venv\Lib\site-packages"
