"Package","Version","LibPath"
"abind","1.4-8","C:/Users/PPCCpcpc/AppData/Local/R/win-library/4.6"
"anytime","0.3.13","C:/Users/PPCCpcpc/AppData/Local/R/win-library/4.6"
"arrow","25.0.1","C:/Users/PPCCpcpc/AppData/Local/R/win-library/4.6"
"askpass","1.2.1","C:/Users/PPCCpcpc/AppData/Local/R/win-library/4.6"
"assertthat","0.2.1","C:/Users/PPCCpcpc/AppData/Local/R/win-library/4.6"
"backports","1.5.1","C:/Users/PPCCpcpc/AppData/Local/R/win-library/4.6"
"base64enc","0.1-6","C:/Users/PPCCpcpc/AppData/Local/R/win-library/4.6"
"base64url","1.4","C:/Users/PPCCpcpc/AppData/Local/R/win-library/4.6"
"bench","1.1.4","C:/Users/PPCCpcpc/AppData/Local/R/win-library/4.6"
"BH","1.90.0-1","C:/Users/PPCCpcpc/AppData/Local/R/win-library/4.6"
"bigD","0.3.1","C:/Users/PPCCpcpc/AppData/Local/R/win-library/4.6"
"bit","4.6.0","C:/Users/PPCCpcpc/AppData/Local/R/win-library/4.6"
"bit64","4.8.6","C:/Users/PPCCpcpc/AppData/Local/R/win-library/4.6"
"bitops","1.1-0","C:/Users/PPCCpcpc/AppData/Local/R/win-library/4.6"
"blob","1.3.0","C:/Users/PPCCpcpc/AppData/Local/R/win-library/4.6"
"brio","1.1.5","C:/Users/PPCCpcpc/AppData/Local/R/win-library/4.6"
"broom","1.0.13","C:/Users/PPCCpcpc/AppData/Local/R/win-library/4.6"
"bslib","0.12.0","C:/Users/PPCCpcpc/AppData/Local/R/win-library/4.6"
"cachem","1.1.0","C:/Users/PPCCpcpc/AppData/Local/R/win-library/4.6"
"callr","3.8.0","C:/Users/PPCCpcpc/AppData/Local/R/win-library/4.6"
"car","3.1-5","C:/Users/PPCCpcpc/AppData/Local/R/win-library/4.6"
"carData","3.0-6","C:/Users/PPCCpcpc/AppData/Local/R/win-library/4.6"
"cards","0.9.0","C:/Users/PPCCpcpc/AppData/Local/R/win-library/4.6"
"cardx","0.3.4","C:/Users/PPCCpcpc/AppData/Local/R/win-library/4.6"
"cellranger","1.1.0","C:/Users/PPCCpcpc/AppData/Local/R/win-library/4.6"
"checkmate","2.3.4","C:/Users/PPCCpcpc/AppData/Local/R/win-library/4.6"
"chron","2.3-63","C:/Users/PPCCpcpc/AppData/Local/R/win-library/4.6"
"cli","3.6.6","C:/Users/PPCCpcpc/AppData/Local/R/win-library/4.6"
"clipr","0.8.1","C:/Users/PPCCpcpc/AppData/Local/R/win-library/4.6"
"clock","0.7.4","C:/Users/PPCCpcpc/AppData/Local/R/win-library/4.6"
"collapse","2.1.8","C:/Users/PPCCpcpc/AppData/Local/R/win-library/4.6"
"colorspace","2.1-3","C:/Users/PPCCpcpc/AppData/Local/R/win-library/4.6"
"commonmark","2.0.0","C:/Users/PPCCpcpc/AppData/Local/R/win-library/4.6"
"conflicted","1.2.0","C:/Users/PPCCpcpc/AppData/Local/R/win-library/4.6"
"corrplot","0.95","C:/Users/PPCCpcpc/AppData/Local/R/win-library/4.6"
"cowplot","1.2.0","C:/Users/PPCCpcpc/AppData/Local/R/win-library/4.6"
"cpp11","0.5.5","C:/Users/PPCCpcpc/AppData/Local/R/win-library/4.6"
"crayon","1.5.3","C:/Users/PPCCpcpc/AppData/Local/R/win-library/4.6"
"crosstalk","1.2.2","C:/Users/PPCCpcpc/AppData/Local/R/win-library/4.6"
"curl","8.0.0","C:/Users/PPCCpcpc/AppData/Local/R/win-library/4.6"
"DALEX","2.5.4","C:/Users/PPCCpcpc/AppData/Local/R/win-library/4.6"
"data.table","1.18.6.1","C:/Users/PPCCpcpc/AppData/Local/R/win-library/4.6"
"DBI","1.3.0","C:/Users/PPCCpcpc/AppData/Local/R/win-library/4.6"
"dbplyr","2.6.0","C:/Users/PPCCpcpc/AppData/Local/R/win-library/4.6"
"depmixS4","1.5-4","C:/Users/PPCCpcpc/AppData/Local/R/win-library/4.6"
"Deriv","4.3.5","C:/Users/PPCCpcpc/AppData/Local/R/win-library/4.6"
"desc","1.4.3","C:/Users/PPCCpcpc/AppData/Local/R/win-library/4.6"
"diagram","1.6.5","C:/Users/PPCCpcpc/AppData/Local/R/win-library/4.6"
"dials","1.4.4","C:/Users/PPCCpcpc/AppData/Local/R/win-library/4.6"
"DiceDesign","1.10","C:/Users/PPCCpcpc/AppData/Local/R/win-library/4.6"
"DiceKriging","1.6.1","C:/Users/PPCCpcpc/AppData/Local/R/win-library/4.6"
"diffobj","0.3.9","C:/Users/PPCCpcpc/AppData/Local/R/win-library/4.6"
"digest","0.6.39","C:/Users/PPCCpcpc/AppData/Local/R/win-library/4.6"
"distributional","0.9.0","C:/Users/PPCCpcpc/AppData/Local/R/win-library/4.6"
"DistributionUtils","0.6-2","C:/Users/PPCCpcpc/AppData/Local/R/win-library/4.6"
"doBy","4.7.2","C:/Users/PPCCpcpc/AppData/Local/R/win-library/4.6"
"doFuture","1.3.0","C:/Users/PPCCpcpc/AppData/Local/R/win-library/4.6"
"dplyr","1.2.1","C:/Users/PPCCpcpc/AppData/Local/R/win-library/4.6"
"DT","0.34.0","C:/Users/PPCCpcpc/AppData/Local/R/win-library/4.6"
"dtplyr","1.3.3","C:/Users/PPCCpcpc/AppData/Local/R/win-library/4.6"
"duckdb","1.5.5","C:/Users/PPCCpcpc/AppData/Local/R/win-library/4.6"
"evaluate","1.0.5","C:/Users/PPCCpcpc/AppData/Local/R/win-library/4.6"
"exactRankTests","0.8-37","C:/Users/PPCCpcpc/AppData/Local/R/win-library/4.6"
"fable","0.5.0","C:/Users/PPCCpcpc/AppData/Local/R/win-library/4.6"
"fabletools","0.8.0","C:/Users/PPCCpcpc/AppData/Local/R/win-library/4.6"
"farver","2.1.2","C:/Users/PPCCpcpc/AppData/Local/R/win-library/4.6"
"fastmap","1.2.0","C:/Users/PPCCpcpc/AppData/Local/R/win-library/4.6"
"flextable","0.10.1","C:/Users/PPCCpcpc/AppData/Local/R/win-library/4.6"
"FNN","1.1.4.1","C:/Users/PPCCpcpc/AppData/Local/R/win-library/4.6"
"fontawesome","0.5.3","C:/Users/PPCCpcpc/AppData/Local/R/win-library/4.6"
"fontBitstreamVera","0.1.1","C:/Users/PPCCpcpc/AppData/Local/R/win-library/4.6"
"fontLiberation","0.1.0","C:/Users/PPCCpcpc/AppData/Local/R/win-library/4.6"
"fontquiver","0.2.1","C:/Users/PPCCpcpc/AppData/Local/R/win-library/4.6"
"forcats","1.0.1","C:/Users/PPCCpcpc/AppData/Local/R/win-library/4.6"
"foreach","1.5.2","C:/Users/PPCCpcpc/AppData/Local/R/win-library/4.6"
"forecast","9.0.2","C:/Users/PPCCpcpc/AppData/Local/R/win-library/4.6"
"Formula","1.2-6","C:/Users/PPCCpcpc/AppData/Local/R/win-library/4.6"
"fracdiff","1.5-4","C:/Users/PPCCpcpc/AppData/Local/R/win-library/4.6"
"fs","2.1.0","C:/Users/PPCCpcpc/AppData/Local/R/win-library/4.6"
"fst","0.9.8","C:/Users/PPCCpcpc/AppData/Local/R/win-library/4.6"
"fstcore","0.10.0","C:/Users/PPCCpcpc/AppData/Local/R/win-library/4.6"
"furrr","0.4.0","C:/Users/PPCCpcpc/AppData/Local/R/win-library/4.6"
"future","1.75.0","C:/Users/PPCCpcpc/AppData/Local/R/win-library/4.6"
"future.apply","1.20.2","C:/Users/PPCCpcpc/AppData/Local/R/win-library/4.6"
"gargle","1.6.1","C:/Users/PPCCpcpc/AppData/Local/R/win-library/4.6"
"GauPro","0.2.17","C:/Users/PPCCpcpc/AppData/Local/R/win-library/4.6"
"gdtools","0.5.1","C:/Users/PPCCpcpc/AppData/Local/R/win-library/4.6"
"GeneralizedHyperbolic","0.8-7","C:/Users/PPCCpcpc/AppData/Local/R/win-library/4.6"
"generics","0.1.4","C:/Users/PPCCpcpc/AppData/Local/R/win-library/4.6"
"ggdist","3.3.3","C:/Users/PPCCpcpc/AppData/Local/R/win-library/4.6"
"ggfittext","0.10.4","C:/Users/PPCCpcpc/AppData/Local/R/win-library/4.6"
"gggenes","0.7.0","C:/Users/PPCCpcpc/AppData/Local/R/win-library/4.6"
"ggiraph","0.9.6","C:/Users/PPCCpcpc/AppData/Local/R/win-library/4.6"
"ggplot2","4.0.3","C:/Users/PPCCpcpc/AppData/Local/R/win-library/4.6"
"ggpubr","1.0.0","C:/Users/PPCCpcpc/AppData/Local/R/win-library/4.6"
"ggrepel","0.9.8","C:/Users/PPCCpcpc/AppData/Local/R/win-library/4.6"
"ggsci","5.2.0","C:/Users/PPCCpcpc/AppData/Local/R/win-library/4.6"
"ggsignif","0.6.4","C:/Users/PPCCpcpc/AppData/Local/R/win-library/4.6"
"ggtext","0.2.0","C:/Users/PPCCpcpc/AppData/Local/R/win-library/4.6"
"glmnet","5.0","C:/Users/PPCCpcpc/AppData/Local/R/win-library/4.6"
"globals","0.19.1","C:/Users/PPCCpcpc/AppData/Local/R/win-library/4.6"
"glue","1.8.1","C:/Users/PPCCpcpc/AppData/Local/R/win-library/4.6"
"googledrive","2.1.2","C:/Users/PPCCpcpc/AppData/Local/R/win-library/4.6"
"googlesheets4","1.1.2","C:/Users/PPCCpcpc/AppData/Local/R/win-library/4.6"
"gower","1.0.2","C:/Users/PPCCpcpc/AppData/Local/R/win-library/4.6"
"grf","2.6.1","C:/Users/PPCCpcpc/AppData/Local/R/win-library/4.6"
"gridExtra","2.3.1","C:/Users/PPCCpcpc/AppData/Local/R/win-library/4.6"
"gridtext","0.1.6","C:/Users/PPCCpcpc/AppData/Local/R/win-library/4.6"
"gt","1.3.0","C:/Users/PPCCpcpc/AppData/Local/R/win-library/4.6"
"gtable","0.3.6","C:/Users/PPCCpcpc/AppData/Local/R/win-library/4.6"
"gtsummary","2.6.1","C:/Users/PPCCpcpc/AppData/Local/R/win-library/4.6"
"hardhat","1.4.3","C:/Users/PPCCpcpc/AppData/Local/R/win-library/4.6"
"haven","2.5.5","C:/Users/PPCCpcpc/AppData/Local/R/win-library/4.6"
"here","1.0.2","C:/Users/PPCCpcpc/AppData/Local/R/win-library/4.6"
"highr","0.12","C:/Users/PPCCpcpc/AppData/Local/R/win-library/4.6"
"hms","1.1.4","C:/Users/PPCCpcpc/AppData/Local/R/win-library/4.6"
"htmltools","0.5.9","C:/Users/PPCCpcpc/AppData/Local/R/win-library/4.6"
"htmlwidgets","1.6.4","C:/Users/PPCCpcpc/AppData/Local/R/win-library/4.6"
"httpuv","1.6.17","C:/Users/PPCCpcpc/AppData/Local/R/win-library/4.6"
"httr","1.4.9","C:/Users/PPCCpcpc/AppData/Local/R/win-library/4.6"
"httr2","1.3.0","C:/Users/PPCCpcpc/AppData/Local/R/win-library/4.6"
"iBreakDown","2.1.2","C:/Users/PPCCpcpc/AppData/Local/R/win-library/4.6"
"ids","1.0.1","C:/Users/PPCCpcpc/AppData/Local/R/win-library/4.6"
"igraph","2.3.3","C:/Users/PPCCpcpc/AppData/Local/R/win-library/4.6"
"iml","0.11.4","C:/Users/PPCCpcpc/AppData/Local/R/win-library/4.6"
"infer","1.1.0","C:/Users/PPCCpcpc/AppData/Local/R/win-library/4.6"
"ingredients","2.3.0","C:/Users/PPCCpcpc/AppData/Local/R/win-library/4.6"
"ipred","0.9-16","C:/Users/PPCCpcpc/AppData/Local/R/win-library/4.6"
"isoband","0.3.0","C:/Users/PPCCpcpc/AppData/Local/R/win-library/4.6"
"iterators","1.0.14","C:/Users/PPCCpcpc/AppData/Local/R/win-library/4.6"
"janitor","2.2.1","C:/Users/PPCCpcpc/AppData/Local/R/win-library/4.6"
"jose","2.0.0","C:/Users/PPCCpcpc/AppData/Local/R/win-library/4.6"
"jpeg","0.1-11","C:/Users/PPCCpcpc/AppData/Local/R/win-library/4.6"
"jquerylib","0.1.4","C:/Users/PPCCpcpc/AppData/Local/R/win-library/4.6"
"jsonlite","2.0.0","C:/Users/PPCCpcpc/AppData/Local/R/win-library/4.6"
"juicyjuice","0.1.0","C:/Users/PPCCpcpc/AppData/Local/R/win-library/4.6"
"kernelshap","0.9.1","C:/Users/PPCCpcpc/AppData/Local/R/win-library/4.6"
"kernlab","0.9-33","C:/Users/PPCCpcpc/AppData/Local/R/win-library/4.6"
"knitr","1.52","C:/Users/PPCCpcpc/AppData/Local/R/win-library/4.6"
"ks","1.15.3","C:/Users/PPCCpcpc/AppData/Local/R/win-library/4.6"
"labeling","0.4.3","C:/Users/PPCCpcpc/AppData/Local/R/win-library/4.6"
"later","1.4.8","C:/Users/PPCCpcpc/AppData/Local/R/win-library/4.6"
"lava","1.9.3","C:/Users/PPCCpcpc/AppData/Local/R/win-library/4.6"
"lazyeval","0.2.3","C:/Users/PPCCpcpc/AppData/Local/R/win-library/4.6"
"lbfgs","1.2.1.2","C:/Users/PPCCpcpc/AppData/Local/R/win-library/4.6"
"lifecycle","1.0.5","C:/Users/PPCCpcpc/AppData/Local/R/win-library/4.6"
"lightgbm","4.7.0","C:/Users/PPCCpcpc/AppData/Local/R/win-library/4.6"
"lintr","3.4.0","C:/Users/PPCCpcpc/AppData/Local/R/win-library/4.6"
"listenv","1.0.0","C:/Users/PPCCpcpc/AppData/Local/R/win-library/4.6"
"litedown","0.11","C:/Users/PPCCpcpc/AppData/Local/R/win-library/4.6"
"lme4","2.0-6","C:/Users/PPCCpcpc/AppData/Local/R/win-library/4.6"
"lmtest","0.9-40","C:/Users/PPCCpcpc/AppData/Local/R/win-library/4.6"
"logger","0.4.3","C:/Users/PPCCpcpc/AppData/Local/R/win-library/4.6"
"lubridate","1.9.5","C:/Users/PPCCpcpc/AppData/Local/R/win-library/4.6"
"magrittr","2.0.5","C:/Users/PPCCpcpc/AppData/Local/R/win-library/4.6"
"markdown","2.0","C:/Users/PPCCpcpc/AppData/Local/R/win-library/4.6"
"MatrixModels","0.5-4","C:/Users/PPCCpcpc/AppData/Local/R/win-library/4.6"
"maxstat","0.7-26","C:/Users/PPCCpcpc/AppData/Local/R/win-library/4.6"
"mclust","6.1.3","C:/Users/PPCCpcpc/AppData/Local/R/win-library/4.6"
"memoise","2.0.1","C:/Users/PPCCpcpc/AppData/Local/R/win-library/4.6"
"Metrics","0.1.4","C:/Users/PPCCpcpc/AppData/Local/R/win-library/4.6"
"mime","0.13","C:/Users/PPCCpcpc/AppData/Local/R/win-library/4.6"
"minqa","1.2.8","C:/Users/PPCCpcpc/AppData/Local/R/win-library/4.6"
"mixopt","0.1.3","C:/Users/PPCCpcpc/AppData/Local/R/win-library/4.6"
"modeldata","1.6.0","C:/Users/PPCCpcpc/AppData/Local/R/win-library/4.6"
"modelenv","0.2.0","C:/Users/PPCCpcpc/AppData/Local/R/win-library/4.6"
"modelr","0.1.11","C:/Users/PPCCpcpc/AppData/Local/R/win-library/4.6"
"multicool","1.0.1","C:/Users/PPCCpcpc/AppData/Local/R/win-library/4.6"
"mvtnorm","1.4-2","C:/Users/PPCCpcpc/AppData/Local/R/win-library/4.6"
"nanoparquet","0.5.1","C:/Users/PPCCpcpc/AppData/Local/R/win-library/4.6"
"nloptr","2.2.1","C:/Users/PPCCpcpc/AppData/Local/R/win-library/4.6"
"numDeriv","2016.8-1.1","C:/Users/PPCCpcpc/AppData/Local/R/win-library/4.6"
"odbc","1.7.0","C:/Users/PPCCpcpc/AppData/Local/R/win-library/4.6"
"officer","0.7.6","C:/Users/PPCCpcpc/AppData/Local/R/win-library/4.6"
"openssl","2.4.2","C:/Users/PPCCpcpc/AppData/Local/R/win-library/4.6"
"otel","0.2.0","C:/Users/PPCCpcpc/AppData/Local/R/win-library/4.6"
"packrat","0.9.3","C:/Users/PPCCpcpc/AppData/Local/R/win-library/4.6"
"pak","0.11.1","C:/Users/PPCCpcpc/AppData/Local/R/win-library/4.6"
"parallelly","1.48.0","C:/Users/PPCCpcpc/AppData/Local/R/win-library/4.6"
"parsnip","1.6.0","C:/Users/PPCCpcpc/AppData/Local/R/win-library/4.6"
"patchwork","1.3.2","C:/Users/PPCCpcpc/AppData/Local/R/win-library/4.6"
"pbkrtest","0.5.5","C:/Users/PPCCpcpc/AppData/Local/R/win-library/4.6"
"pdp","0.8.3","C:/Users/PPCCpcpc/AppData/Local/R/win-library/4.6"
"PerformanceAnalytics","2.1.0","C:/Users/PPCCpcpc/AppData/Local/R/win-library/4.6"
"pillar","1.11.1","C:/Users/PPCCpcpc/AppData/Local/R/win-library/4.6"
"pkgbuild","1.4.8","C:/Users/PPCCpcpc/AppData/Local/R/win-library/4.6"
"pkgconfig","2.0.3","C:/Users/PPCCpcpc/AppData/Local/R/win-library/4.6"
"pkgload","1.5.3","C:/Users/PPCCpcpc/AppData/Local/R/win-library/4.6"
"plotly","4.12.1","C:/Users/PPCCpcpc/AppData/Local/R/win-library/4.6"
"png","0.1-9","C:/Users/PPCCpcpc/AppData/Local/R/win-library/4.6"
"polynom","1.4-1","C:/Users/PPCCpcpc/AppData/Local/R/win-library/4.6"
"pool","1.0.5","C:/Users/PPCCpcpc/AppData/Local/R/win-library/4.6"
"pracma","2.4.6","C:/Users/PPCCpcpc/AppData/Local/R/win-library/4.6"
"praise","1.0.0","C:/Users/PPCCpcpc/AppData/Local/R/win-library/4.6"
"prettyunits","1.2.0","C:/Users/PPCCpcpc/AppData/Local/R/win-library/4.6"
"processx","3.9.0","C:/Users/PPCCpcpc/AppData/Local/R/win-library/4.6"
"prodlim","2026.03.11","C:/Users/PPCCpcpc/AppData/Local/R/win-library/4.6"
"profmem","0.7.0","C:/Users/PPCCpcpc/AppData/Local/R/win-library/4.6"
"profvis","0.4.0","C:/Users/PPCCpcpc/AppData/Local/R/win-library/4.6"
"progressr","1.0.0","C:/Users/PPCCpcpc/AppData/Local/R/win-library/4.6"
"promises","1.5.0","C:/Users/PPCCpcpc/AppData/Local/R/win-library/4.6"
"ps","1.9.3","C:/Users/PPCCpcpc/AppData/Local/R/win-library/4.6"
"purrr","1.2.2","C:/Users/PPCCpcpc/AppData/Local/R/win-library/4.6"
"qs2","0.3.1","C:/Users/PPCCpcpc/AppData/Local/R/win-library/4.6"
"quadprog","1.5-8","C:/Users/PPCCpcpc/AppData/Local/R/win-library/4.6"
"quantmod","0.4.29","C:/Users/PPCCpcpc/AppData/Local/R/win-library/4.6"
"quantreg","6.1","C:/Users/PPCCpcpc/AppData/Local/R/win-library/4.6"
"quarto","1.5.1","C:/Users/PPCCpcpc/AppData/Local/R/win-library/4.6"
"R.cache","0.17.0","C:/Users/PPCCpcpc/AppData/Local/R/win-library/4.6"
"R.methodsS3","1.8.2","C:/Users/PPCCpcpc/AppData/Local/R/win-library/4.6"
"R.oo","1.27.1","C:/Users/PPCCpcpc/AppData/Local/R/win-library/4.6"
"R.utils","2.13.0","C:/Users/PPCCpcpc/AppData/Local/R/win-library/4.6"
"R6","2.6.1","C:/Users/PPCCpcpc/AppData/Local/R/win-library/4.6"
"ragg","1.5.2","C:/Users/PPCCpcpc/AppData/Local/R/win-library/4.6"
"ranger","0.18.0","C:/Users/PPCCpcpc/AppData/Local/R/win-library/4.6"
"rappdirs","0.3.4","C:/Users/PPCCpcpc/AppData/Local/R/win-library/4.6"
"rbibutils","2.4.1","C:/Users/PPCCpcpc/AppData/Local/R/win-library/4.6"
"RColorBrewer","1.1-3","C:/Users/PPCCpcpc/AppData/Local/R/win-library/4.6"
"Rcpp","1.1.2","C:/Users/PPCCpcpc/AppData/Local/R/win-library/4.6"
"RcppArmadillo","15.6.0-1","C:/Users/PPCCpcpc/AppData/Local/R/win-library/4.6"
"RcppParallel","6.2.1","C:/Users/PPCCpcpc/AppData/Local/R/win-library/4.6"
"RcppTOML","0.2.3","C:/Users/PPCCpcpc/AppData/Local/R/win-library/4.6"
"Rdpack","2.6.6","C:/Users/PPCCpcpc/AppData/Local/R/win-library/4.6"
"reactable","0.4.5","C:/Users/PPCCpcpc/AppData/Local/R/win-library/4.6"
"reactR","0.6.1","C:/Users/PPCCpcpc/AppData/Local/R/win-library/4.6"
"readr","2.2.0","C:/Users/PPCCpcpc/AppData/Local/R/win-library/4.6"
"readxl","1.5.0","C:/Users/PPCCpcpc/AppData/Local/R/win-library/4.6"
"recipes","1.4.0","C:/Users/PPCCpcpc/AppData/Local/R/win-library/4.6"
"reformulas","0.4.4","C:/Users/PPCCpcpc/AppData/Local/R/win-library/4.6"
"rematch","2.0.0","C:/Users/PPCCpcpc/AppData/Local/R/win-library/4.6"
"rematch2","2.1.2","C:/Users/PPCCpcpc/AppData/Local/R/win-library/4.6"
"renv","1.2.4","C:/Users/PPCCpcpc/AppData/Local/R/win-library/4.6"
"reprex","2.1.1","C:/Users/PPCCpcpc/AppData/Local/R/win-library/4.6"
"reticulate","1.47.0","C:/Users/PPCCpcpc/AppData/Local/R/win-library/4.6"
"rex","1.2.2","C:/Users/PPCCpcpc/AppData/Local/R/win-library/4.6"
"rlang","1.3.0","C:/Users/PPCCpcpc/AppData/Local/R/win-library/4.6"
"RMariaDB","1.3.5","C:/Users/PPCCpcpc/AppData/Local/R/win-library/4.6"
"rmarkdown","2.32","C:/Users/PPCCpcpc/AppData/Local/R/win-library/4.6"
"RPostgres","1.4.10","C:/Users/PPCCpcpc/AppData/Local/R/win-library/4.6"
"rprojroot","2.1.1","C:/Users/PPCCpcpc/AppData/Local/R/win-library/4.6"
"rsample","1.3.2","C:/Users/PPCCpcpc/AppData/Local/R/win-library/4.6"
"rsconnect","1.11.0","C:/Users/PPCCpcpc/AppData/Local/R/win-library/4.6"
"Rsolnp","2.0.1","C:/Users/PPCCpcpc/AppData/Local/R/win-library/4.6"
"RSQLite","3.53.3","C:/Users/PPCCpcpc/AppData/Local/R/win-library/4.6"
"rstatix","1.1.0","C:/Users/PPCCpcpc/AppData/Local/R/win-library/4.6"
"rstudioapi","0.19.0","C:/Users/PPCCpcpc/AppData/Local/R/win-library/4.6"
"rugarch","1.5-6","C:/Users/PPCCpcpc/AppData/Local/R/win-library/4.6"
"rvest","1.0.5","C:/Users/PPCCpcpc/AppData/Local/R/win-library/4.6"
"S7","0.2.2","C:/Users/PPCCpcpc/AppData/Local/R/win-library/4.6"
"sandwich","3.1-3","C:/Users/PPCCpcpc/AppData/Local/R/win-library/4.6"
"sass","0.4.10","C:/Users/PPCCpcpc/AppData/Local/R/win-library/4.6"
"scales","1.4.0","C:/Users/PPCCpcpc/AppData/Local/R/win-library/4.6"
"secretbase","1.3.0","C:/Users/PPCCpcpc/AppData/Local/R/win-library/4.6"
"selectr","0.6-0","C:/Users/PPCCpcpc/AppData/Local/R/win-library/4.6"
"sessioninfo","1.2.4","C:/Users/PPCCpcpc/AppData/Local/R/win-library/4.6"
"sfd","0.1.0","C:/Users/PPCCpcpc/AppData/Local/R/win-library/4.6"
"shades","1.5.0","C:/Users/PPCCpcpc/AppData/Local/R/win-library/4.6"
"shape","1.4.6.1","C:/Users/PPCCpcpc/AppData/Local/R/win-library/4.6"
"shapviz","0.10.4","C:/Users/PPCCpcpc/AppData/Local/R/win-library/4.6"
"shiny","1.14.0","C:/Users/PPCCpcpc/AppData/Local/R/win-library/4.6"
"shinyjs","2.1.1","C:/Users/PPCCpcpc/AppData/Local/R/win-library/4.6"
"shinyWidgets","0.9.1","C:/Users/PPCCpcpc/AppData/Local/R/win-library/4.6"
"SkewHyperbolic","0.4-2","C:/Users/PPCCpcpc/AppData/Local/R/win-library/4.6"
"slider","0.3.3","C:/Users/PPCCpcpc/AppData/Local/R/win-library/4.6"
"snakecase","0.11.1","C:/Users/PPCCpcpc/AppData/Local/R/win-library/4.6"
"snowflakeauth","0.3.0","C:/Users/PPCCpcpc/AppData/Local/R/win-library/4.6"
"sourcetools","0.1.7-2","C:/Users/PPCCpcpc/AppData/Local/R/win-library/4.6"
"SparseM","1.84-2","C:/Users/PPCCpcpc/AppData/Local/R/win-library/4.6"
"sparsevctrs","0.3.6","C:/Users/PPCCpcpc/AppData/Local/R/win-library/4.6"
"spd","2.0-1","C:/Users/PPCCpcpc/AppData/Local/R/win-library/4.6"
"splitfngr","0.1.2","C:/Users/PPCCpcpc/AppData/Local/R/win-library/4.6"
"SQUAREM","2026.1","C:/Users/PPCCpcpc/AppData/Local/R/win-library/4.6"
"stringfish","0.19.2","C:/Users/PPCCpcpc/AppData/Local/R/win-library/4.6"
"stringi","1.8.9","C:/Users/PPCCpcpc/AppData/Local/R/win-library/4.6"
"stringr","1.6.0","C:/Users/PPCCpcpc/AppData/Local/R/win-library/4.6"
"styler","1.11.0","C:/Users/PPCCpcpc/AppData/Local/R/win-library/4.6"
"survminer","0.5.2","C:/Users/PPCCpcpc/AppData/Local/R/win-library/4.6"
"sys","3.4.3","C:/Users/PPCCpcpc/AppData/Local/R/win-library/4.6"
"systemfonts","1.3.2","C:/Users/PPCCpcpc/AppData/Local/R/win-library/4.6"
"tailor","0.1.0","C:/Users/PPCCpcpc/AppData/Local/R/win-library/4.6"
"targets","1.12.0","C:/Users/PPCCpcpc/AppData/Local/R/win-library/4.6"
"testthat","3.3.2","C:/Users/PPCCpcpc/AppData/Local/R/win-library/4.6"
"textshaping","1.0.5","C:/Users/PPCCpcpc/AppData/Local/R/win-library/4.6"
"tibble","3.3.1","C:/Users/PPCCpcpc/AppData/Local/R/win-library/4.6"
"tidymodels","1.5.0","C:/Users/PPCCpcpc/AppData/Local/R/win-library/4.6"
"tidyr","1.3.2","C:/Users/PPCCpcpc/AppData/Local/R/win-library/4.6"
"tidyselect","1.2.1","C:/Users/PPCCpcpc/AppData/Local/R/win-library/4.6"
"tidyverse","2.0.0","C:/Users/PPCCpcpc/AppData/Local/R/win-library/4.6"
"timechange","0.4.0","C:/Users/PPCCpcpc/AppData/Local/R/win-library/4.6"
"timeDate","4052.112","C:/Users/PPCCpcpc/AppData/Local/R/win-library/4.6"
"tinytex","0.60","C:/Users/PPCCpcpc/AppData/Local/R/win-library/4.6"
"truncnorm","1.0-9","C:/Users/PPCCpcpc/AppData/Local/R/win-library/4.6"
"tsibble","1.2.0","C:/Users/PPCCpcpc/AppData/Local/R/win-library/4.6"
"TTR","0.24.4","C:/Users/PPCCpcpc/AppData/Local/R/win-library/4.6"
"tune","2.1.0","C:/Users/PPCCpcpc/AppData/Local/R/win-library/4.6"
"tzdb","0.5.0","C:/Users/PPCCpcpc/AppData/Local/R/win-library/4.6"
"urca","1.3-4","C:/Users/PPCCpcpc/AppData/Local/R/win-library/4.6"
"utf8","1.2.6","C:/Users/PPCCpcpc/AppData/Local/R/win-library/4.6"
"uuid","1.2-2","C:/Users/PPCCpcpc/AppData/Local/R/win-library/4.6"
"V8","8.2.0","C:/Users/PPCCpcpc/AppData/Local/R/win-library/4.6"
"vctrs","0.7.3","C:/Users/PPCCpcpc/AppData/Local/R/win-library/4.6"
"viridisLite","0.4.3","C:/Users/PPCCpcpc/AppData/Local/R/win-library/4.6"
"vroom","1.7.1","C:/Users/PPCCpcpc/AppData/Local/R/win-library/4.6"
"waldo","0.6.2","C:/Users/PPCCpcpc/AppData/Local/R/win-library/4.6"
"warp","0.2.3","C:/Users/PPCCpcpc/AppData/Local/R/win-library/4.6"
"withr","3.0.3","C:/Users/PPCCpcpc/AppData/Local/R/win-library/4.6"
"workflows","1.3.0","C:/Users/PPCCpcpc/AppData/Local/R/win-library/4.6"
"workflowsets","1.1.1","C:/Users/PPCCpcpc/AppData/Local/R/win-library/4.6"
"xfun","0.60","C:/Users/PPCCpcpc/AppData/Local/R/win-library/4.6"
"xgboost","3.2.1.1","C:/Users/PPCCpcpc/AppData/Local/R/win-library/4.6"
"xml2","1.6.0","C:/Users/PPCCpcpc/AppData/Local/R/win-library/4.6"
"xmlparsedata","1.0.5","C:/Users/PPCCpcpc/AppData/Local/R/win-library/4.6"
"xtable","1.8-8","C:/Users/PPCCpcpc/AppData/Local/R/win-library/4.6"
"xts","0.14.3","C:/Users/PPCCpcpc/AppData/Local/R/win-library/4.6"
"yaml","2.3.12","C:/Users/PPCCpcpc/AppData/Local/R/win-library/4.6"
"yardstick","1.4.0","C:/Users/PPCCpcpc/AppData/Local/R/win-library/4.6"
"zip","3.0.2","C:/Users/PPCCpcpc/AppData/Local/R/win-library/4.6"
"zoo","1.9-0","C:/Users/PPCCpcpc/AppData/Local/R/win-library/4.6"
"base","4.6.1","C:/Program Files/R/R-4.6.1/library"
"boot","1.3-32","C:/Program Files/R/R-4.6.1/library"
"class","7.3-23","C:/Program Files/R/R-4.6.1/library"
"cluster","2.1.8.2","C:/Program Files/R/R-4.6.1/library"
"codetools","0.2-20","C:/Program Files/R/R-4.6.1/library"
"compiler","4.6.1","C:/Program Files/R/R-4.6.1/library"
"datasets","4.6.1","C:/Program Files/R/R-4.6.1/library"
"foreign","0.8-91","C:/Program Files/R/R-4.6.1/library"
"graphics","4.6.1","C:/Program Files/R/R-4.6.1/library"
"grDevices","4.6.1","C:/Program Files/R/R-4.6.1/library"
"grid","4.6.1","C:/Program Files/R/R-4.6.1/library"
"KernSmooth","2.23-26","C:/Program Files/R/R-4.6.1/library"
"lattice","0.22-9","C:/Program Files/R/R-4.6.1/library"
"MASS","7.3-65","C:/Program Files/R/R-4.6.1/library"
"Matrix","1.7-5","C:/Program Files/R/R-4.6.1/library"
"methods","4.6.1","C:/Program Files/R/R-4.6.1/library"
"mgcv","1.9-4","C:/Program Files/R/R-4.6.1/library"
"nlme","3.1-169","C:/Program Files/R/R-4.6.1/library"
"nnet","7.3-20","C:/Program Files/R/R-4.6.1/library"
"parallel","4.6.1","C:/Program Files/R/R-4.6.1/library"
"rpart","4.1.27","C:/Program Files/R/R-4.6.1/library"
"spatial","7.3-18","C:/Program Files/R/R-4.6.1/library"
"splines","4.6.1","C:/Program Files/R/R-4.6.1/library"
"stats","4.6.1","C:/Program Files/R/R-4.6.1/library"
"stats4","4.6.1","C:/Program Files/R/R-4.6.1/library"
"survival","3.8-6","C:/Program Files/R/R-4.6.1/library"
"tcltk","4.6.1","C:/Program Files/R/R-4.6.1/library"
"tools","4.6.1","C:/Program Files/R/R-4.6.1/library"
"translations","4.6.1","C:/Program Files/R/R-4.6.1/library"
"utils","4.6.1","C:/Program Files/R/R-4.6.1/library"
