"EditorRoot","Id","Version"
"C:\Users\PPCCpcpc\.positron\extensions","charliermarsh.ruff","2026.82.0"
"C:\Users\PPCCpcpc\.positron\extensions","GitHub.vscode-pull-request-github","0.162.0"
"C:\Users\PPCCpcpc\.positron\extensions","lohsebhipolg2s.theme-aurora-borealis","1.0.2"
"C:\Users\PPCCpcpc\.positron\extensions","meta.pyrefly","1.3.1"
"C:\Users\PPCCpcpc\.positron\extensions","ms-python.debugpy","2026.6.0"
"C:\Users\PPCCpcpc\.positron\extensions","ms-toolsai.jupyter","2025.9.1"
"C:\Users\PPCCpcpc\.positron\extensions","ms-toolsai.jupyter-keymap","1.1.2"
"C:\Users\PPCCpcpc\.positron\extensions","ms-toolsai.jupyter-renderers","1.3.0"
"C:\Users\PPCCpcpc\.positron\extensions","ms-toolsai.vscode-jupyter-cell-tags","0.1.9"
"C:\Users\PPCCpcpc\.positron\extensions","ms-toolsai.vscode-jupyter-slideshow","0.1.6"
"C:\Users\PPCCpcpc\.positron\extensions","Posit.air-vscode","0.28.0"
"C:\Users\PPCCpcpc\.positron\extensions","posit.assistant","1.4.1"
"C:\Users\PPCCpcpc\.positron\extensions","posit.publisher","2.12.0"
"C:\Users\PPCCpcpc\.positron\extensions","Posit.shiny","1.4.3"
"C:\Users\PPCCpcpc\.positron\extensions","quarto.quarto","1.138.0"
