"Probe","Status","Detail","Seconds"
"01_system","OK","已讀取 1 筆；空清單只代表此探測沒有回傳項目。","3.06"
"02_cpu","OK","已讀取 1 筆；空清單只代表此探測沒有回傳項目。","4"
"03_memory","OK","已讀取 2 筆；空清單只代表此探測沒有回傳項目。","2.03"
"04_gpu","OK","已讀取 1 筆；空清單只代表此探測沒有回傳項目。","2.85"
"05_bios","OK","已讀取 1 筆；空清單只代表此探測沒有回傳項目。","2.68"
"06_volumes","OK","已讀取 1 筆；空清單只代表此探測沒有回傳項目。","2.69"
"07_disks","OK","已讀取 1 筆；空清單只代表此探測沒有回傳項目。","5.15"
"08_pagefile","OK","已讀取 1 筆；空清單只代表此探測沒有回傳項目。","2.82"
"09_updates","OK","已讀取 4 筆；空清單只代表此探測沒有回傳項目。","3.66"
"10_reboot","OK","已讀取 1 筆；空清單只代表此探測沒有回傳項目。","2.73"
"11_software","OK","已讀取 86 筆；空清單只代表此探測沒有回傳項目。","2.75"
"12_appx_current_user","OK","已讀取 156 筆；空清單只代表此探測沒有回傳項目。","3.06"
"13_startup","OK","已讀取 7 筆；空清單只代表此探測沒有回傳項目。","2.89"
"14_services","OK","已讀取 301 筆；空清單只代表此探測沒有回傳項目。","4.29"
"15_scheduled_tasks","OK","已讀取 201 筆；空清單只代表此探測沒有回傳項目。","3.58"
"16_defender","OK","已讀取 1 筆；空清單只代表此探測沒有回傳項目。","3.7"
"17_antivirus","OK","已讀取 2 筆；空清單只代表此探測沒有回傳項目。","3.2"
"18_firewall","OK","已讀取 3 筆；空清單只代表此探測沒有回傳項目。","4.33"
"19_secure_boot","Unavailable","无法设置正确的权限。访问被拒绝。","2.95"
"20_tpm","OK","已讀取 1 筆；空清單只代表此探測沒有回傳項目。","2.65"
"21_tpm_specification","Unavailable","拒绝访问 ","7.76"
"22_bitlocker","Unavailable","拒绝访问 ","8.34"
"23_security_settings","OK","已讀取 1 筆；空清單只代表此探測沒有回傳項目。","2.67"
"24_device_guard","OK","已讀取 1 筆；空清單只代表此探測沒有回傳項目。","2.75"
"25_optional_features","Unavailable","The requested operation requires elevation.
","2.85"
"26_smb","OK","已讀取 1 筆；空清單只代表此探測沒有回傳項目。","3.65"
"27_settings","OK","已讀取 1 筆；空清單只代表此探測沒有回傳項目。","2.68"
"28_execution_policy","OK","已讀取 5 筆；空清單只代表此探測沒有回傳項目。","2.69"
"29_odbc","OK","已讀取 22 筆；空清單只代表此探測沒有回傳項目。","3.21"
"30_windows_licensing","OK","已讀取 1 筆；空清單只代表此探測沒有回傳項目。","10.79"
"31_editor_extensions","OK","已讀取 15 筆；空清單只代表此探測沒有回傳項目。","2.82"
"32_events","OK","已讀取 3 筆；空清單只代表此探測沒有回傳項目。","2.76"
"33_power_plan","OK","ExitCode=0","0.11"
"34_registered_interpreters","OK","已讀取 3 筆；空清單只代表此探測沒有回傳項目。","2.76"
"Runtime/Python","OK","ExitCode=0","0.05"
"Runtime/Python","OK","ExitCode=0","0.05"
"Runtime/Python","OK","ExitCode=0","0.04"
"Runtime/Python","OK","ExitCode=0","0.04"
"Runtime/Python","OK","ExitCode=0","0.05"
"Runtime/Python","OK","ExitCode=0","0.06"
"Runtime/Python","OK","ExitCode=0","0.07"
"Runtime/Rscript","OK","ExitCode=0","0.23"
"Runtime/Rscript","OK","ExitCode=0","0.23"
"Runtime/uv","OK","ExitCode=0","0.15"
"Runtime/Git","OK","ExitCode=0","0.07"
"Runtime/Git","OK","ExitCode=0","0.43"
"Runtime/Quarto","OK","ExitCode=0","0.08"
"Runtime/Quarto","OK","ExitCode=0","2.74"
"Runtime/Pandoc","Unavailable","限定的安裝位置未發現；可能是可攜版或另一使用者安裝。","0"
"Runtime/PowerShell7","OK","ExitCode=0","0.21"
"Runtime/PowerShell7","OK","ExitCode=0","0.36"
"Runtime/Node","OK","ExitCode=0","0.4"
"Runtime/Java","Unavailable","限定的安裝位置未發現；可能是可攜版或另一使用者安裝。","0"
"Runtime/DuckDB","OK","ExitCode=0","0.55"
"Runtime/PostgreSQL","Unavailable","限定的安裝位置未發現；可能是可攜版或另一使用者安裝。","0"
"Runtime/Docker","Unavailable","限定的安裝位置未發現；可能是可攜版或另一使用者安裝。","0"
"Runtime/Julia","Unavailable","限定的安裝位置未發現；可能是可攜版或另一使用者安裝。","0"
"Runtime/Winget","OK","ExitCode=0","2.53"
"Runtime/RtoolsCompiler","OK","ExitCode=0","0.24"
"PythonPackages/C:\Users\PPCCpcpc\AppData\Local\Programs\Python\Python314\python.exe","OK","ExitCode=0","0.26"
"PythonPackages/C:\Users\PPCCpcpc\AppData\Roaming\uv\python\cpython-3.12-windows-x86_64-none\python.exe","OK","ExitCode=0","0.43"
"PythonPackages/C:\Users\PPCCpcpc\AppData\Roaming\uv\python\cpython-3.12.14-windows-x86_64-none\python.exe","OK","ExitCode=0","0.33"
"PythonPackages/C:\Users\PPCCpcpc\AppData\Roaming\uv\python\cpython-3.13-windows-x86_64-none\python.exe","OK","ExitCode=0","0.24"
"PythonPackages/C:\Users\PPCCpcpc\AppData\Roaming\uv\python\cpython-3.13.15-windows-x86_64-none\python.exe","OK","ExitCode=0","0.18"
"PythonPackages/C:\work\envs\ds\Scripts\python.exe","OK","ExitCode=0","0.41"
"PythonPackages/C:\work\projects\lab\.venv\Scripts\python.exe","OK","ExitCode=0","0.41"
"RPackages/C:\Program Files\R\R-4.6.1\bin\x64\Rscript.exe","OK","ExitCode=0","3.48"
"RPackages/C:\Program Files\R\R-4.6.1\bin\Rscript.exe","OK","ExitCode=0","2.39"
