"check","status","detail"
"arrow is absent (required)","PASS","arrow not installed, as intended"
"data.table aggregate","PASS","rows=2 tot=5000050000"
"duckdb parquet round-trip","PASS","rows=100000 concat=abcd"
"fixest high-dim FE regression","PASS","beta_x=1.4975"
"tidymodels fit","PASS","accuracy=0.8233"
"ranger + yardstick","PASS","r2=0.8082"
"time series: fable forecast","PASS","horizons=6"
"quantmod/PerformanceAnalytics loadable","PASS","sharpe=0.6643"
"reticulate -> project venv","PASS","python=3.13"
"duckdb loaded FIRST, then pyarrow via reticulate","PASS","pyarrow=25.0.1 polars=1.44.2"
