"pkg","status","version"
"data.table","installed","1.18.6.1"
"dplyr","installed","1.2.1"
"tidyr","installed","1.3.2"
"readr","installed","2.2.0"
"purrr","already","1.2.2"
"stringr","already","1.6.0"
"forcats","installed","1.0.1"
"tibble","already","3.3.1"
"ggplot2","installed","4.0.3"
"lubridate","installed","1.9.5"
"glue","already","1.8.1"
"janitor","installed","2.2.1"
"withr","already","3.0.3"
"here","installed","1.0.2"
"sessioninfo","installed","1.2.4"
"fs","installed","2.1.0"
"DBI","installed","1.3.0"
"duckdb","installed","1.5.6"
"RSQLite","installed","3.53.3"
"readxl","installed","1.5.0.1"
"writexl","installed","2.0.1"
"openxlsx","installed","4.2.9"
"jsonlite","installed","2.0.0"
"qs2","installed","0.3.1"
"fst","installed","0.9.8"
"vroom","already","1.7.1"
"nanoparquet","installed","0.5.2"
"renv","installed","1.3.0"
"targets","installed","1.12.0"
"tarchetypes","installed","0.14.1"
"knitr","already","1.52"
"rmarkdown","installed","2.32"
"quarto","installed","1.5.1"
"gt","installed","1.3.0"
"tinytable","installed","0.19.0"
"flextable","installed","0.10.1"
"DT","installed","0.34.0"
"kableExtra","installed","1.4.1"
"patchwork","installed","1.3.2"
"ggrepel","installed","0.9.8"
"scales","already","1.4.0"
"ggdist","installed","3.3.3"
"viridis","installed","0.6.5"
"broom","installed","1.0.13"
"sandwich","installed","3.1.3"
"lmtest","installed","0.9.40"
"car","installed","3.1.5"
"fixest","installed","0.14.2"
"estimatr","installed","2.0.0"
"modelsummary","installed","2.6.0"
"marginaleffects","installed","1.0.0"
"emmeans","installed","2.0.4"
"performance","already","0.18.2"
"parameters","already","0.29.3"
"insight","already","1.5.4"
"see","installed","0.14.2"
"tidymodels","installed","1.5.0"
"glmnet","installed","5.1"
"ranger","installed","0.18.0"
"xgboost","installed","3.2.1.1"
"lightgbm","installed","4.7.0"
"kernlab","installed","0.9.33"
"iml","installed","0.11.4"
"shapviz","installed","0.10.4"
"yardstick","already","1.4.0"
"rsample","already","1.3.2"
"recipes","already","1.4.0"
"parsnip","already","1.6.1"
"workflows","already","1.3.0"
"tune","already","2.1.0"
"dials","already","1.4.4"
"posterior","installed","1.7.0"
"bayesplot","installed","1.16.0"
"loo","installed","2.10.1"
"tidybayes","installed","3.0.7"
"brms","installed","2.23.0"
"cmdstanr","FAILED",NA
"xts","installed","0.14.3"
"zoo","already","1.9.1"
"tsibble","installed","1.2.0"
"fable","installed","0.5.0"
"feasts","installed","0.5.0"
"forecast","already","9.0.2"
"tseries","installed","0.10.63"
"urca","already","1.3.4"
"vars","installed","1.6.1"
"quantmod","already","0.4.29"
"PerformanceAnalytics","installed","2.1.0"
"TTR","already","0.24.4"
"MatchIt","installed","4.8.1"
"WeightIt","installed","2.1.0"
"cobalt","already","5.0.0"
"did","installed","2.5.1"
"grf","installed","2.6.1"
"DoubleML","installed","1.0.2"
"survival","already","3.8.6"
"survminer","installed","0.5.2"
"reticulate","installed","1.47.0"
"languageserver","installed","0.3.20"
"httpgd","installed","2.1.4"
"microbenchmark","installed","1.5.0"
"bench","installed","1.1.4"
