"DeviceName","DeviceID","DriverProviderName","DriverVersion","DriverDate","InfName","IsSigned"
"Local Print Queue","SWD\PRINTENUM\{D33D00B2-CE5B-4E5A-B386-6D4F42FDACCE}","Microsoft","10.0.26100.1","2006-06-21 上午 04:00:00","printqueue.inf","True"
"Local Print Queue","SWD\PRINTENUM\{C4E36D78-093A-457F-860A-4966878C2717}","Microsoft","10.0.26100.1","2006-06-21 上午 04:00:00","printqueue.inf","True"
"Local Print Queue","SWD\PRINTENUM\{27851D95-E43E-4BA7-9053-4443C999EC7A}","Microsoft","10.0.26100.1","2006-06-21 上午 04:00:00","printqueue.inf","True"
"Local Print Queue","SWD\PRINTENUM\{09E9B742-F2F2-4F9F-9447-0F9CD1DD8B25}","Microsoft","10.0.26100.1","2006-06-21 上午 04:00:00","printqueue.inf","True"
"Local Print Queue","SWD\PRINTENUM\{D38AEC14-EA24-4FAE-89E1-29B2F325473B}","Microsoft","10.0.26100.1","2006-06-21 上午 04:00:00","printqueue.inf","True"
"Local Print Queue","SWD\PRINTENUM\{CC960657-8B48-40A4-A64F-B28772E0DB4B}","Microsoft","10.0.26100.1","2006-06-21 上午 04:00:00","printqueue.inf","True"
"Local Print Queue","SWD\PRINTENUM\PRINTQUEUES","Microsoft","10.0.26100.1","2006-06-21 上午 04:00:00","printqueue.inf","True"
"Generic software device","SWD\MSDAS\{CE958E9A-424F-4C88-86F4-11314821E75A}","Microsoft","10.0.26100.1","2006-06-21 上午 04:00:00","c_swdevice.inf","True"
"WAN Miniport (Network Monitor)","SWD\MSRRAS\MS_NDISWANBH","Microsoft","10.0.26100.1","2006-06-21 上午 04:00:00","netrasa.inf","True"
"WAN Miniport (IPv6)","SWD\MSRRAS\MS_NDISWANIPV6","Microsoft","10.0.26100.1","2006-06-21 上午 04:00:00","netrasa.inf","True"
"WAN Miniport (IP)","SWD\MSRRAS\MS_NDISWANIP","Microsoft","10.0.26100.1","2006-06-21 上午 04:00:00","netrasa.inf","True"
"WAN Miniport (PPPOE)","SWD\MSRRAS\MS_PPPOEMINIPORT","Microsoft","10.0.26100.1","2006-06-21 上午 04:00:00","netrasa.inf","True"
"WAN Miniport (PPTP)","SWD\MSRRAS\MS_PPTPMINIPORT","Microsoft","10.0.26100.1","2006-06-21 上午 04:00:00","netrasa.inf","True"
"WAN Miniport (L2TP)","SWD\MSRRAS\MS_L2TPMINIPORT","Microsoft","10.0.26100.1","2006-06-21 上午 04:00:00","netrasa.inf","True"
"WAN Miniport (IKEv2)","SWD\MSRRAS\MS_AGILEVPNMINIPORT","Microsoft","10.0.26100.1","2006-06-21 上午 04:00:00","netavpna.inf","True"
"WAN Miniport (SSTP)","SWD\MSRRAS\MS_SSTPMINIPORT","Microsoft","10.0.26100.1","2006-06-21 上午 04:00:00","netsstpa.inf","True"
"Generic software device","SWD\MSRRAS\{5E259276-BC7E-40E3-B93B-8F89B5F3ABC0}","Microsoft","10.0.26100.1","2006-06-21 上午 04:00:00","c_swdevice.inf","True"
"Generic software device","SWD\MMDEVAPI\MICROSOFTGSWAVETABLESYNTH","Microsoft","10.0.26100.1","2006-06-21 上午 04:00:00","c_swdevice.inf","True"
"Generic software device","SWD\RADIO\{3DB5895D-CC28-44B3-AD3D-6F01A782B8D2}","Microsoft","10.0.26100.1","2006-06-21 上午 04:00:00","c_swdevice.inf","True"
"Voice Clarity","SWD\DRIVERENUM\{96BEDF2C-18CB-4A15-B821-5E95ED0FEA61}#VOCAEFFECTPACK&1&38CF50D&0","Microsoft Corporation","1.0.4.7057","2026-06-16 上午 04:00:00","oem33.inf","True"
"Computer Device","SWD\COMPUTER\MFG_ASUS&FAM_TO_BE_FILLED_BY_O.E.M.&PROD_SYSTEM_PRODUCT_NAME&SKU_SKU","Microsoft","10.0.26100.1","2006-06-21 上午 04:00:00","compdev.inf","True"
"Remote Desktop Device Redirector Bus","ROOT\RDPBUS\0000","Microsoft","10.0.26100.8972","2006-06-21 上午 04:00:00","rdpbus.inf","True"
"Microsoft Streaming Service Proxy","SW\{96E080C7-143C-11D1-B40F-00A0C9223196}\{3C0D501A-140B-11D1-B40F-00A0C9223196}","Microsoft","10.0.26100.1","2006-06-21 上午 04:00:00","ksfilter.inf","True"
"Plug and Play Software Device Enumerator","ROOT\SYSTEM\0000","Microsoft","10.0.26100.4202","2025-05-23 上午 04:00:00","swenum.inf","True"
"Microsoft System Management BIOS Driver","ROOT\MSSMBIOS\0000","Microsoft","10.0.26100.1","2006-06-21 上午 04:00:00","mssmbios.inf","True"
"NDIS Virtual Network Adapter Enumerator","ROOT\NDISVIRTUALBUS\0000","Microsoft","10.0.26100.1","2006-06-21 上午 04:00:00","ndisvirtualbus.inf","True"
"Microsoft Basic Render Driver","ROOT\BASICRENDER\0000","Microsoft","10.0.26100.8972","2006-06-21 上午 04:00:00","basicrender.inf","True"
"Device Firmware","UEFI\RES_{86A885EE-D71E-2ED6-0FC1-9D6CCC9677EB}\0","Microsoft","10.0.26100.4768","2006-06-21 上午 04:00:00","c_firmware.inf","True"
"Device Firmware","UEFI\RES_{7AA69739-8F78-41CB-BF44-854E2CB516BD}\0","Microsoft","10.0.26100.4768","2006-06-21 上午 04:00:00","c_firmware.inf","True"
"Device Firmware","UEFI\RES_{2FE2CBFC-B9AA-4A93-AB5B-40173B581C42}\0","Microsoft","10.0.26100.4768","2006-06-21 上午 04:00:00","c_firmware.inf","True"
"System Firmware","UEFI\RES_{15A46E1A-C3B2-5465-AF32-82D6C9F7E033}\0","ASUSTeK COMPUTER INC.","10.1.2.1620","2022-08-13 上午 04:00:00","oem24.inf","True"
"Device Firmware","UEFI\RES_{00000000-0000-0000-0000-000000000000}\0","Microsoft","10.0.26100.4768","2006-06-21 上午 04:00:00","c_firmware.inf","True"
"Microsoft UEFI-Compliant System","ACPI_HAL\UEFI\0","Microsoft","10.0.26100.8972","2006-06-21 上午 04:00:00","uefi.inf","True"
"ACPI Fixed Feature Button","ACPI\FIXEDBUTTON\2&DABA3FF&0","Microsoft","10.0.26100.1150","2006-06-21 上午 04:00:00","machine.inf","True"
"Motherboard resources","ACPI\INT340E\2&DABA3FF&0","Microsoft","10.0.26100.1150","2006-06-21 上午 04:00:00","machine.inf","True"
"ACPI Thermal Zone","ACPI\THERMALZONE\TZ00","Microsoft","10.0.26100.1150","2006-06-21 上午 04:00:00","machine.inf","True"
"ACPI Fan","ACPI\PNP0C0B\4","Microsoft","10.0.26100.1150","2006-06-21 上午 04:00:00","machine.inf","True"
"ACPI Fan","ACPI\PNP0C0B\3","Microsoft","10.0.26100.1150","2006-06-21 上午 04:00:00","machine.inf","True"
"ACPI Fan","ACPI\PNP0C0B\2","Microsoft","10.0.26100.1150","2006-06-21 上午 04:00:00","machine.inf","True"
"ACPI Fan","ACPI\PNP0C0B\1","Microsoft","10.0.26100.1150","2006-06-21 上午 04:00:00","machine.inf","True"
"ACPI Fan","ACPI\PNP0C0B\0","Microsoft","10.0.26100.1150","2006-06-21 上午 04:00:00","machine.inf","True"
"Microsoft Windows Management Interface for ACPI","ACPI\PNP0C14\ASUSMBSWINTERFACE","Microsoft","10.0.26100.1150","2006-06-21 上午 04:00:00","wmiacpi.inf","True"
"Microsoft Windows Management Interface for ACPI","ACPI\PNP0C14\ASUSLEDCONTROLWMI","Microsoft","10.0.26100.1150","2006-06-21 上午 04:00:00","wmiacpi.inf","True"
"Trusted Platform Module 2.0","ACPI\MSFT0101\1","Microsoft","10.0.26100.8972","2006-06-21 上午 04:00:00","tpm.inf","True"
"ACPI Power Button","ACPI\PNP0C0C\2&DABA3FF&0","Microsoft","10.0.26100.1150","2006-06-21 上午 04:00:00","machine.inf","True"
"Intel(R) Power Engine Plug-in","ACPI\INT33A1\1","Microsoft","10.0.26100.9278","2006-06-21 上午 04:00:00","intelpep.inf","True"
"Microsoft Windows Management Interface for ACPI","ACPI\PNP0C14\TESTDEV","Microsoft","10.0.26100.1150","2006-06-21 上午 04:00:00","wmiacpi.inf","True"
"Microsoft Windows Management Interface for ACPI","ACPI\PNP0C14\DSARDEV","Microsoft","10.0.26100.1150","2006-06-21 上午 04:00:00","wmiacpi.inf","True"
"ACPI Processor Aggregator","ACPI\ACPI000C\2&DABA3FF&0","Microsoft","10.0.26100.1150","2006-06-21 上午 04:00:00","acpipagr.inf","True"
"Intel Processor","ACPI\GENUINEINTEL_-_INTEL64_FAMILY_6_MODEL_151_-_12TH_GEN_INTEL(R)_CORE(TM)_I5-12400F\B","Microsoft","10.0.26100.9278","2009-04-21 上午 04:00:00","cpu.inf","True"
"Intel Processor","ACPI\GENUINEINTEL_-_INTEL64_FAMILY_6_MODEL_151_-_12TH_GEN_INTEL(R)_CORE(TM)_I5-12400F\A","Microsoft","10.0.26100.9278","2009-04-21 上午 04:00:00","cpu.inf","True"
"Intel Processor","ACPI\GENUINEINTEL_-_INTEL64_FAMILY_6_MODEL_151_-_12TH_GEN_INTEL(R)_CORE(TM)_I5-12400F\9","Microsoft","10.0.26100.9278","2009-04-21 上午 04:00:00","cpu.inf","True"
"Intel Processor","ACPI\GENUINEINTEL_-_INTEL64_FAMILY_6_MODEL_151_-_12TH_GEN_INTEL(R)_CORE(TM)_I5-12400F\8","Microsoft","10.0.26100.9278","2009-04-21 上午 04:00:00","cpu.inf","True"
"Intel Processor","ACPI\GENUINEINTEL_-_INTEL64_FAMILY_6_MODEL_151_-_12TH_GEN_INTEL(R)_CORE(TM)_I5-12400F\7","Microsoft","10.0.26100.9278","2009-04-21 上午 04:00:00","cpu.inf","True"
"Intel Processor","ACPI\GENUINEINTEL_-_INTEL64_FAMILY_6_MODEL_151_-_12TH_GEN_INTEL(R)_CORE(TM)_I5-12400F\6","Microsoft","10.0.26100.9278","2009-04-21 上午 04:00:00","cpu.inf","True"
"Intel Processor","ACPI\GENUINEINTEL_-_INTEL64_FAMILY_6_MODEL_151_-_12TH_GEN_INTEL(R)_CORE(TM)_I5-12400F\5","Microsoft","10.0.26100.9278","2009-04-21 上午 04:00:00","cpu.inf","True"
"Intel Processor","ACPI\GENUINEINTEL_-_INTEL64_FAMILY_6_MODEL_151_-_12TH_GEN_INTEL(R)_CORE(TM)_I5-12400F\4","Microsoft","10.0.26100.9278","2009-04-21 上午 04:00:00","cpu.inf","True"
"Intel Processor","ACPI\GENUINEINTEL_-_INTEL64_FAMILY_6_MODEL_151_-_12TH_GEN_INTEL(R)_CORE(TM)_I5-12400F\3","Microsoft","10.0.26100.9278","2009-04-21 上午 04:00:00","cpu.inf","True"
"Intel Processor","ACPI\GENUINEINTEL_-_INTEL64_FAMILY_6_MODEL_151_-_12TH_GEN_INTEL(R)_CORE(TM)_I5-12400F\2","Microsoft","10.0.26100.9278","2009-04-21 上午 04:00:00","cpu.inf","True"
"Intel Processor","ACPI\GENUINEINTEL_-_INTEL64_FAMILY_6_MODEL_151_-_12TH_GEN_INTEL(R)_CORE(TM)_I5-12400F\1","Microsoft","10.0.26100.9278","2009-04-21 上午 04:00:00","cpu.inf","True"
"Intel Processor","ACPI\GENUINEINTEL_-_INTEL64_FAMILY_6_MODEL_151_-_12TH_GEN_INTEL(R)_CORE(TM)_I5-12400F\0","Microsoft","10.0.26100.9278","2009-04-21 上午 04:00:00","cpu.inf","True"
"ACPI Sleep Button","ACPI\PNP0C0E\2&DABA3FF&0","Microsoft","10.0.26100.1150","2006-06-21 上午 04:00:00","machine.inf","True"
"Motherboard resources","ACPI\PNP0C02\ISCLK","Microsoft","10.0.26100.1150","2006-06-21 上午 04:00:00","machine.inf","True"
,"ACPI\INTC1056\2&DABA3FF&0",,,,,
"Motherboard resources","ACPI\PNP0C02\5","Microsoft","10.0.26100.1150","2006-06-21 上午 04:00:00","machine.inf","True"
"Motherboard resources","ACPI\PNP0C02\IOTRAPS","Microsoft","10.0.26100.1150","2006-06-21 上午 04:00:00","machine.inf","True"
"ACPI Wake Alarm","ACPI\ACPI000E\2&DABA3FF&0","Microsoft","10.0.26100.1150","2006-06-21 上午 04:00:00","acpitime.inf","True"
"Motherboard resources","ACPI\PNP0C02\1","Microsoft","10.0.26100.1150","2006-06-21 上午 04:00:00","machine.inf","True"
"PCI 设备","PCI\VEN_8086&DEV_7AA4&SUBSYS_86941043&REV_11\3&11583659&0&FD",,,,,
"SM 总线控制器","PCI\VEN_8086&DEV_7AA3&SUBSYS_86941043&REV_11\3&11583659&0&FC",,,,,
"Audio Endpoint","SWD\MMDEVAPI\{0.0.0.00000000}.{F5F32E10-0600-41B1-AE7E-F96F9E04A418}","Microsoft","10.0.26100.1","2024-03-31 上午 04:00:00","audioendpoint.inf","True"
"High Definition Audio Device","HDAUDIO\FUNC_01&VEN_10EC&DEV_0897&SUBSYS_104387FB&REV_1004\4&184F18C2&0&0001","Microsoft","10.0.26100.9278","2026-08-25 上午 04:00:00","hdaudio.inf","True"
"High Definition Audio Controller","PCI\VEN_8086&DEV_7AD0&SUBSYS_87FB1043&REV_11\3&11583659&0&FB","Microsoft","10.0.26100.9444","2026-09-04 上午 04:00:00","hdaudbus.inf","True"
"Motherboard resources","ACPI\INTC1099\4&18A73EE8&0","Microsoft","10.0.26100.1150","2006-06-21 上午 04:00:00","machine.inf","True"
"System timer","ACPI\PNP0100\4&18A73EE8&0","Microsoft","10.0.26100.1150","2006-06-21 上午 04:00:00","machine.inf","True"
"Motherboard resources","ACPI\PNP0C02\2","Microsoft","10.0.26100.1150","2006-06-21 上午 04:00:00","machine.inf","True"
"Programmable interrupt controller","ACPI\PNP0000\4&18A73EE8&0","Microsoft","10.0.26100.1150","2006-06-21 上午 04:00:00","machine.inf","True"
"High precision event timer","ACPI\PNP0103\0","Microsoft","10.0.26100.1150","2006-06-21 上午 04:00:00","machine.inf","True"
"通信端口","ACPI\PNP0501\0","Microsoft","10.0.26100.1150","2006-06-21 上午 04:00:00","msports.inf","True"
"Printer Port Logical Interface","LPTENUM\MICROSOFTRAWPORT\5&301BB3D2&0&LPT1","Microsoft","10.0.26100.1150","2006-06-21 上午 04:00:00","machine.inf","True"
"打印机端口","ACPI\PNP0400\0","Microsoft","10.0.26100.1150","2006-06-21 上午 04:00:00","msports.inf","True"
"Motherboard resources","ACPI\PNP0C02\0","Microsoft","10.0.26100.1150","2006-06-21 上午 04:00:00","machine.inf","True"
"PCI standard ISA bridge","PCI\VEN_8086&DEV_7A87&SUBSYS_86941043&REV_11\3&11583659&0&F8","Microsoft","10.0.26100.1150","2006-06-21 上午 04:00:00","machine.inf","True"
"Realtek PCIe GBE Family Controller","PCI\VEN_10EC&DEV_8168&SUBSYS_86771043&REV_15\01000000684CE00000","Realtek","10.10.714.2016","2016-07-14 上午 04:00:00","oem6.inf","True"
"PCI Express Root Port","PCI\VEN_8086&DEV_7ABB&SUBSYS_86941043&REV_11\3&11583659&0&E3","Microsoft","10.0.26100.9278","2006-06-21 上午 04:00:00","pci.inf","True"
"PCI Express Root Port","PCI\VEN_8086&DEV_7AB8&SUBSYS_86941043&REV_11\3&11583659&0&E0","Microsoft","10.0.26100.9278","2006-06-21 上午 04:00:00","pci.inf","True"
"Disk drive","SCSI\DISK&VEN_BORY&PROD_R500_256G\4&E91BE7&0&040000","Microsoft","10.0.26100.8972","2006-06-21 上午 04:00:00","disk.inf","True"
"Standard SATA AHCI Controller","PCI\VEN_8086&DEV_7AE2&SUBSYS_86941043&REV_11\3&11583659&0&B8","Microsoft","10.0.26100.8972","2006-06-21 上午 04:00:00","mshdc.inf","True"
"Intel(R) Management Engine WMI Provider","SWD\DRIVERENUM\OEM_WMI_COMPONENT&4&14850405&0","Intel","2408.5.4.0","2024-02-21 上午 04:00:00","oem19.inf","True"
"Intel(R) iCLS Client","SWD\DRIVERENUM\OEM_ES_COMPONENT&4&14850405&0","Intel","1.71.99.0","2023-12-06 上午 04:00:00","oem28.inf","True"
"Intel(R) Dynamic Application Loader Host Interface","SWD\DRIVERENUM\OEM_DAL_COMPONENT&4&14850405&0","Intel","1.44.2023.710","2023-07-11 上午 04:00:00","oem20.inf","True"
"Intel(R) Management Engine Interface #1","PCI\VEN_8086&DEV_7AE8&SUBSYS_86941043&REV_11\3&11583659&0&B0","Intel","2406.5.5.0","2024-02-08 上午 04:00:00","oem11.inf","True"
"PCI 设备","PCI\VEN_8086&DEV_7ACC&SUBSYS_86941043&REV_11\3&11583659&0&A8",,,,,
"PCI standard RAM Controller","PCI\VEN_8086&DEV_7AA7&SUBSYS_86941043&REV_11\3&11583659&0&A2","Microsoft","10.0.26100.1150","2006-06-21 上午 04:00:00","machine.inf","True"
"HID-compliant system controller","HID\VID_1A2C&PID_6004&MI_01&COL02\7&304A0D03&0&0001","Microsoft","10.0.26100.9444","2006-06-21 上午 04:00:00","input.inf","True"
"HID-compliant consumer control device","HID\VID_1A2C&PID_6004&MI_01&COL01\7&304A0D03&0&0000","Microsoft","10.0.26100.1","2006-06-21 上午 04:00:00","hidserv.inf","True"
"USB Input Device","USB\VID_1A2C&PID_6004&MI_01\6&1099BFFA&0&0001","Microsoft","10.0.26100.9444","2006-06-21 上午 04:00:00","input.inf","True"
"HID Keyboard Device","HID\VID_1A2C&PID_6004&MI_00\7&34A9212D&0&0000","Microsoft","10.0.26100.8972","2006-06-21 上午 04:00:00","keyboard.inf","True"
"USB Input Device","USB\VID_1A2C&PID_6004&MI_00\6&1099BFFA&0&0000","Microsoft","10.0.26100.9444","2006-06-21 上午 04:00:00","input.inf","True"
"USB Composite Device","USB\VID_1A2C&PID_6004\5&2CF64626&0&5","Microsoft","10.0.26100.9444","2006-06-21 上午 04:00:00","usb.inf","True"
"HID-compliant mouse","HID\VID_10C4&PID_0005\6&38666B9D&0&0000","Microsoft","10.0.26100.1150","2006-06-21 上午 04:00:00","msmouse.inf","True"
"USB Input Device","USB\VID_10C4&PID_0005\5&2CF64626&0&6","Microsoft","10.0.26100.9444","2006-06-21 上午 04:00:00","input.inf","True"
"USB Root Hub (USB 3.0)","USB\ROOT_HUB30\4&6970116&0&0","Microsoft","10.0.26100.9444","2026-09-03 上午 04:00:00","usbhub3.inf","True"
"USB xHCI Compliant Host Controller","PCI\VEN_8086&DEV_7AE0&SUBSYS_86941043&REV_11\3&11583659&0&A0","Microsoft","10.0.26100.9444","2026-09-03 上午 04:00:00","usbxhci.inf","True"
"Intel RST VMD Controller 467F","PCI\VEN_8086&DEV_467F&SUBSYS_86941043&REV_00\3&11583659&0&70","Intel Corporation","20.2.6.1025","2025-04-11 上午 04:00:00","oem10.inf","True"
"Intel(R) Platform Monitoring Technology Driver","PCI\VEN_8086&DEV_467D&SUBSYS_86941043&REV_01\3&11583659&0&50","Intel(R) Platform Monitoring Technology Device","10.0.26100.8972","2006-06-21 上午 04:00:00","intelpmt.inf","True"
"NVIDIA High Definition Audio","HDAUDIO\FUNC_01&VEN_10DE&DEV_0014&SUBSYS_10DE0101&REV_1001\5&24D1C5C&0&0301","NVIDIA Corporation","1.3.38.35","2020-09-30 上午 04:00:00","oem5.inf","True"
"NVIDIA High Definition Audio","HDAUDIO\FUNC_01&VEN_10DE&DEV_0014&SUBSYS_10DE0101&REV_1001\5&24D1C5C&0&0201","NVIDIA Corporation","1.3.38.35","2020-09-30 上午 04:00:00","oem5.inf","True"
"NVIDIA High Definition Audio","HDAUDIO\FUNC_01&VEN_10DE&DEV_0014&SUBSYS_10DE0101&REV_1001\5&24D1C5C&0&0101","NVIDIA Corporation","1.3.38.35","2020-09-30 上午 04:00:00","oem5.inf","True"
"NVIDIA High Definition Audio","HDAUDIO\FUNC_01&VEN_10DE&DEV_0014&SUBSYS_10DE0101&REV_1001\5&24D1C5C&0&0001","NVIDIA Corporation","1.3.38.35","2020-09-30 上午 04:00:00","oem5.inf","True"
"High Definition Audio Controller","PCI\VEN_10DE&DEV_0BEA&SUBSYS_000010DE&REV_A1\4&2E6F6D9A&0&0108","Microsoft","10.0.26100.9444","2026-09-04 上午 04:00:00","hdaudbus.inf","True"
"Generic PnP Monitor","DISPLAY\XYM2704\5&1BAB6DC6&0&UID4353","Microsoft","10.0.26100.9278","2006-06-21 上午 04:00:00","monitor.inf","True"
"NVIDIA GeForce GT 730","PCI\VEN_10DE&DEV_0F02&SUBSYS_000010DE&REV_A1\4&2E6F6D9A&0&0008","NVIDIA","23.21.13.9135","2018-03-23 上午 04:00:00","oem23.inf","True"
"PCI Express Root Port","PCI\VEN_8086&DEV_460D&SUBSYS_86941043&REV_05\3&11583659&0&08","Microsoft","10.0.26100.9278","2006-06-21 上午 04:00:00","pci.inf","True"
"PCI standard host CPU bridge","PCI\VEN_8086&DEV_4650&SUBSYS_86941043&REV_05\3&11583659&0&00","Microsoft","10.0.26100.1150","2006-06-21 上午 04:00:00","machine.inf","True"
"PCI Express Root Complex","ACPI\PNP0A08\0","Microsoft","10.0.26100.9278","2006-06-21 上午 04:00:00","pci.inf","True"
"Microsoft Windows Management Interface for ACPI","ACPI\PNP0C14\AWW","Microsoft","10.0.26100.1150","2006-06-21 上午 04:00:00","wmiacpi.inf","True"
"Microsoft ACPI-Compliant System","ACPI_HAL\PNP0C08\0","Microsoft","10.0.26100.9278","2006-06-21 上午 04:00:00","acpi.inf","True"
"ACPI x64-based PC","ROOT\ACPI_HAL\0000","Microsoft","10.0.26100.1","2006-06-21 上午 04:00:00","hal.inf","True"
"UMBus Root Bus Enumerator","ROOT\UMBUS\0000","Microsoft","10.0.26100.1150","2006-06-21 上午 04:00:00","umbus.inf","True"
"Microsoft Kernel Debug Network Adapter","ROOT\KDNIC\0000","Microsoft","10.0.26100.8521","2006-06-21 上午 04:00:00","kdnic.inf","True"
"Microsoft Storage Spaces Controller","ROOT\SPACEPORT\0000","Microsoft","10.0.26100.9444","2006-06-21 上午 04:00:00","spaceport.inf","True"
"Microsoft Virtual Drive Enumerator","ROOT\VDRVROOT\0000","Microsoft","10.0.26100.1591","2006-06-21 上午 04:00:00","vdrvroot.inf","True"
"Composite Bus Enumerator","ROOT\COMPOSITEBUS\0000","Microsoft","10.0.26100.1150","2006-06-21 上午 04:00:00","compositebus.inf","True"
"Microsoft Hyper-V Virtualization Infrastructure Driver","ROOT\VID\0000","Microsoft","10.0.26100.9278","2006-06-21 上午 04:00:00","wvid.inf","True"
"Microsoft Basic Display Driver","ROOT\BASICDISPLAY\0000","Microsoft","10.0.26100.8521","2006-06-21 上午 04:00:00","basicdisplay.inf","True"
"Volume","STORAGE\VOLUME\{8B6FD21E-B367-11F1-9043-806E6F6E6963}#0000003B61700000","Microsoft","10.0.26100.5074","2006-06-21 上午 04:00:00","volume.inf","True"
"Generic volume shadow copy","STORAGE\VOLUMESNAPSHOT\HARDDISKVOLUMESNAPSHOT2","Microsoft","10.0.26100.1","2006-06-21 上午 04:00:00","volsnap.inf","True"
"Generic volume shadow copy","STORAGE\VOLUMESNAPSHOT\HARDDISKVOLUMESNAPSHOT1","Microsoft","10.0.26100.1","2006-06-21 上午 04:00:00","volsnap.inf","True"
"Volume","STORAGE\VOLUME\{8B6FD21E-B367-11F1-9043-806E6F6E6963}#0000000013E00000","Microsoft","10.0.26100.5074","2006-06-21 上午 04:00:00","volume.inf","True"
"Volume","STORAGE\VOLUME\{8B6FD21E-B367-11F1-9043-806E6F6E6963}#0000000012E00000","Microsoft","10.0.26100.5074","2006-06-21 上午 04:00:00","volume.inf","True"
"Volume","STORAGE\VOLUME\{8B6FD21E-B367-11F1-9043-806E6F6E6963}#0000000000200000","Microsoft","10.0.26100.5074","2006-06-21 上午 04:00:00","volume.inf","True"
"Volume Manager","ROOT\VOLMGR\0000","Microsoft","10.0.26100.9278","2006-06-21 上午 04:00:00","volmgr.inf","True"
,"HTREE\ROOT\0",,,,,
,"OneNote for Windows 10",,"2:10.0,2:6.3,2:6.2,2:6.1,2:6.0,2:5.2,2:5.1",,,"True"
,"OneNote (Desktop)",,"2:10.0,2:6.3,2:6.2,2:6.1,2:6.0,2:5.2,2:5.1",,,"True"
,"Microsoft XPS Document Writer",,"2:10.0,2:6.3,2:6.2,2:6.1,2:6.0,2:5.2,2:5.1",,,"True"
,"Microsoft Print to PDF",,"2:10.0,2:6.3,2:6.2,2:6.1,2:6.0,2:5.2,2:5.1",,,"True"
,"LdVPrint Driver",,"2:10.0,2:6.3,2:6.2,2:6.1,2:6.0,2:5.2,2:5.1",,,"True"
,"Fax",,"2:10.0,2:6.3,2:6.2,2:6.1,2:6.0,2:5.2,2:5.1",,,"True"
