"Package","Version"
"abind","1.4-8"
"anytime","0.3.13"
"arg","0.2.1"
"arrayhelpers","1.1-2"
"AsioHeaders","1.30.2-1"
"askpass","1.2.1"
"backports","1.5.1"
"base","4.6.1"
"base64enc","0.1-6"
"base64url","1.4"
"bayesplot","1.16.0"
"bayestestR","0.19.0"
"bbotk","1.13.1"
"bench","1.1.4"
"BH","1.90.0-1"
"bigD","0.3.1"
"bigmemory","4.6.6"
"bigmemory.sri","0.1.8"
"bit","4.6.0"
"bit64","4.8.6"
"bitops","1.1-0"
"blob","1.3.0"
"BMisc","1.4.10"
"boot","1.3-32"
"brew","1.0-10"
"bridgesampling","1.2-1"
"brms","2.23.0"
"Brobdingnag","1.3-1"
"broom","1.0.13"
"bslib","0.12.0"
"cachem","1.1.0"
"callr","3.8.0"
"car","3.1-5"
"carData","3.0-6"
"cellranger","1.1.0"
"checkmate","2.3.4"
"class","7.3-23"
"cli","3.6.6"
"clipr","0.8.1"
"clock","0.7.4"
"cluster","2.1.8.2"
"clusterGeneration","1.3.8"
"cobalt","5.0.0"
"coda","0.19-4.1"
"codetools","0.2-20"
"collections","0.3.12"
"colorspace","2.1-3"
"commonmark","2.0.0"
"compiler","4.6.1"
"conflicted","1.2.0"
"correlation","0.8.8"
"corrplot","0.95"
"cowplot","1.2.0"
"cpp11","0.5.5"
"crayon","1.5.3"
"crosstalk","1.2.2"
"curl","8.0.0"
"data.table","1.18.6.1"
"datasets","4.6.1"
"datawizard","1.4.0"
"DBI","1.3.0"
"Deriv","4.3.5"
"desc","1.4.3"
"diagram","1.6.5"
"dials","1.4.4"
"DiceDesign","1.10"
"DiceKriging","1.6.1"
"did","2.5.1"
"digest","0.6.39"
"distributional","0.9.0"
"doBy","4.7.2"
"DoubleML","1.0.2"
"dplyr","1.2.1"
"DRDID","1.3.0"
"dreamerr","1.5.0"
"DT","0.34.0"
"duckdb","1.5.6"
"effectsize","1.0.3"
"emmeans","2.0.4"
"estimability","2.0.0"
"estimatr","2.0.0"
"evaluate","1.0.5"
"exactRankTests","0.8-37"
"fable","0.5.0"
"fabletools","0.8.0"
"farver","2.1.2"
"fastglm","0.1.2"
"fastmap","1.2.0"
"feasts","0.5.0"
"fixest","0.14.2"
"flextable","0.10.1"
"fontawesome","0.5.3"
"fontBitstreamVera","0.1.1"
"fontLiberation","0.1.0"
"fontquiver","0.2.1"
"forcats","1.0.1"
"foreach","1.5.2"
"forecast","9.0.2"
"foreign","0.8-91"
"Formula","1.2-6"
"fracdiff","1.5-4"
"fs","2.1.0"
"fst","0.9.8"
"fstcore","0.10.0"
"furrr","0.4.0"
"future","1.76.0"
"future.apply","1.20.2"
"GauPro","0.2.17"
"gdtools","0.5.1"
"generics","0.1.4"
"ggdist","3.3.3"
"ggfittext","0.10.4"
"gggenes","0.7.0"
"ggplot2","4.0.3"
"ggpubr","1.0.0"
"ggrepel","0.9.8"
"ggridges","0.5.7"
"ggsci","5.2.0"
"ggsignif","0.6.4"
"ggtext","0.2.0"
"ggtime","1.0.0"
"glmnet","5.1"
"globals","0.19.1"
"glue","1.8.1"
"gower","1.0.2"
"graphics","4.6.1"
"grDevices","4.6.1"
"grf","2.6.1"
"grid","4.6.1"
"gridExtra","2.3.1"
"gridtext","0.1.6"
"gt","1.3.0"
"gtable","0.3.6"
"hardhat","1.4.3"
"here","1.0.2"
"highr","0.12"
"hms","1.1.4"
"htmltools","0.5.9"
"htmlwidgets","1.6.4"
"httpgd","2.1.4"
"igraph","2.3.3"
"iml","0.11.4"
"infer","1.1.0"
"inline","0.3.21"
"insight","1.5.4"
"ipred","0.9-16"
"isoband","0.3.0"
"iterators","1.0.14"
"janitor","2.2.1"
"jpeg","0.1-11"
"jquerylib","0.1.4"
"jsonlite","2.0.0"
"juicyjuice","0.1.0"
"kableExtra","1.4.1"
"kernlab","0.9-33"
"KernSmooth","2.23-26"
"knitr","1.52"
"labeling","0.4.3"
"languageserver","0.3.20"
"later","1.4.8"
"lattice","0.22-9"
"lava","1.9.3"
"lazyeval","0.2.3"
"lbfgs","1.2.1.2"
"lgr","0.5.2"
"lifecycle","1.0.5"
"lightgbm","4.7.0"
"lintr","3.4.0"
"listenv","1.1.0"
"litedown","0.11"
"lme4","2.0-6"
"lmtest","0.9-40"
"loo","2.10.1"
"lubridate","1.9.5"
"magrittr","2.0.5"
"marginaleffects","1.0.0"
"markdown","2.0"
"MASS","7.3-65"
"MatchIt","4.8.1"
"Matrix","1.7-5"
"MatrixModels","0.5-4"
"matrixStats","1.5.0"
"maxstat","0.7-26"
"memoise","2.0.1"
"methods","4.6.1"
"Metrics","0.1.4"
"mgcv","1.9-4"
"microbenchmark","1.5.0"
"mime","0.13"
"minqa","1.2.8"
"mirai","2.7.3"
"mixopt","0.1.3"
"mixtime","0.3.0"
"mlbench","2.1-11"
"mlr3","1.8.0"
"mlr3learners","0.16.0"
"mlr3measures","1.3.0"
"mlr3misc","0.23.0"
"mlr3tuning","1.7.0"
"modelbased","0.17.0"
"modeldata","1.6.0"
"modelenv","0.2.0"
"modelr","0.1.11"
"modelsummary","2.6.0"
"moocore","0.3.2"
"mvtnorm","1.4-2"
"nanonext","1.10.3"
"nanoparquet","0.5.2"
"nleqslv","3.3.7"
"nlme","3.1-169"
"nloptr","2.2.1"
"nnet","7.3-20"
"numDeriv","2016.8-1.1"
"officer","0.7.6"
"openssl","2.4.2"
"openxlsx","4.2.9"
"otel","0.2.0"
"palmerpenguins","0.1.1"
"paradox","1.0.1"
"parallel","4.6.1"
"parallelly","1.48.0"
"parameters","0.29.3"
"parsnip","1.6.1"
"patchwork","1.3.2"
"pbapply","1.7-5"
"pbkrtest","0.5.5"
"performance","0.18.2"
"PerformanceAnalytics","2.1.0"
"pillar","1.11.1"
"pkgbuild","1.4.8"
"pkgconfig","2.0.3"
"pkgload","1.5.3"
"plyr","1.8.9"
"png","0.1-9"
"polynom","1.4-1"
"posterior","1.7.0"
"prettyunits","1.2.0"
"processx","3.9.0"
"prodlim","2026.03.11"
"profmem","0.7.0"
"progress","1.2.3"
"progressr","1.0.0"
"promises","1.5.0"
"PRROC","1.4"
"ps","1.9.3"
"purrr","1.2.2"
"qs2","0.3.1"
"quadprog","1.5-8"
"quantmod","0.4.29"
"quantreg","6.1"
"quarto","1.5.1"
"QuickJSR","1.11.0"
"R.cache","0.17.0"
"R.methodsS3","1.8.2"
"R.oo","1.27.1"
"R.utils","2.13.0"
"R6","2.6.1"
"ragg","1.5.2"
"ranger","0.18.0"
"rappdirs","0.3.4"
"rbibutils","2.4.1"
"RColorBrewer","1.1-3"
"Rcpp","1.1.2"
"RcppArmadillo","15.6.0-1"
"RcppEigen","0.3.4.0.2"
"RcppParallel","6.2.1"
"RcppProgress","0.4.2"
"RcppTOML","0.2.3"
"Rdpack","2.6.6"
"rdtools","0.1.0"
"reactable","0.4.5"
"reactR","0.6.1"
"readr","2.2.0"
"readstata13","0.11.0"
"readxl","1.5.0.1"
"recipes","1.4.0"
"reformulas","0.4.4"
"rematch","2.0.0"
"renv","1.3.0"
"reshape2","1.4.5"
"reticulate","1.47.0"
"rex","1.2.2"
"rlang","1.3.0"
"rmarkdown","2.32"
"roxygen2","8.1.0"
"rpart","4.1.27"
"rprojroot","2.1.1"
"rsample","1.3.2"
"RSQLite","3.53.3"
"rstan","2.32.7"
"rstantools","2.7.1"
"rstatix","1.1.0"
"rstudioapi","0.19.0"
"S7","0.2.2"
"sandwich","3.1-3"
"sass","0.4.10"
"scales","1.4.0"
"secretbase","1.3.1"
"see","0.14.2"
"sessioninfo","1.2.4"
"sfd","0.1.0"
"shades","1.5.0"
"shape","1.4.6.1"
"shapviz","0.10.4"
"slider","0.3.3"
"snakecase","0.11.1"
"SparseM","1.84-2"
"sparsevctrs","0.3.6"
"spatial","7.3-18"
"splines","4.6.1"
"splitfngr","0.1.2"
"SQUAREM","2026.1"
"StanHeaders","2.39.1"
"stats","4.6.1"
"stats4","4.6.1"
"stringfish","0.19.2"
"stringi","1.8.9"
"stringmagic","1.3.0"
"stringr","1.6.0"
"strucchange","1.6-0"
"styler","1.11.0"
"survival","3.8-6"
"survminer","0.5.2"
"svglite","2.2.2"
"svUnit","1.0.8"
"sys","3.4.3"
"systemfonts","1.3.2"
"tables","0.9.35"
"tailor","0.1.0"
"tarchetypes","0.14.1"
"targets","1.12.0"
"tcltk","4.6.1"
"tensorA","0.36.2.1"
"textshaping","1.0.5"
"tibble","3.3.1"
"tidybayes","3.0.7"
"tidymodels","1.5.0"
"tidyr","1.3.2"
"tidyselect","1.2.1"
"timechange","0.4.0"
"timeDate","4052.112"
"tinytable","0.19.0"
"tinytex","0.61"
"tools","4.6.1"
"trust","0.1-9"
"tseries","0.10-63"
"tsibble","1.2.0"
"TTR","0.24.4"
"tune","2.1.0"
"tzdb","0.5.0"
"unigd","0.2.0"
"urca","1.3-4"
"utf8","1.2.6"
"utils","4.6.1"
"uuid","1.2-2"
"V8","8.2.0"
"vars","1.6-1"
"vctrs","0.7.3"
"vecvec","1.3.0"
"viridis","0.6.5"
"viridisLite","0.4.3"
"vroom","1.7.1"
"warp","0.2.3"
"WeightIt","2.1.0"
"withr","3.0.3"
"workflows","1.3.0"
"workflowsets","1.1.1"
"writexl","2.0.1"
"xfun","0.61"
"xgboost","3.2.1.1"
"xml2","1.6.0"
"xmlparsedata","1.0.5"
"xts","0.14.3"
"yaml","2.3.12"
"yardstick","1.4.0"
"zip","3.0.2"
"zoo","1.9-1"
